,date,year,co2_pg,ch4_tg,n2o_tg,hist_forcing_wm2,co2_forcing_rcp,ch4_forcing_rcp,n2o_forcing_rcp,total_forcing_rcp,rcp_co2_ppm,rcp_ch4_ppb,rcp_n2o_ppb,co2_pg_atm,ch4_tg_atm,n2o_tg_atm,ch4_co2_decay_marginal,co2_ppm,ch4_ppb,n2o_ppb,co2_forcing,ch4_forcing,n2o_forcing,total_forcing_ghg,rcp_nonghg_forcing,historic_nonghg_forcings,total_forcing,t_os,t_eq,t_s
0,0,1900.0,4.3570470109,123.73905,0.9325222,0.24221,,,,0.03605504730863143,277.01467,721.89411,272.95961,4.374710002131666,123.73905,0.9325222,0.017662991231666255,277.56690686562797,764.7519134081463,273.0773259483956,0.0106547650728702,0.02499698269712476,0.00040329953863646847,0.03605504730863143,0.20615495269136858,0.20615495269136858,0.24221,0.018709336586136518,0.03732775005393226,0.024108676491797286
1,1,1901.0,4.6056414339,124.8415,0.9446669,0.247364,,,,0.06861896140586674,277.01467,721.89411,272.95961,8.466328382790184,236.80522251222249,1.869044853304708,0.0338024945952483,278.0834079614217,803.9130981242112,273.1955468897605,0.020600882566671478,0.047209838519439565,0.0008082403197556897,0.06861896140586674,0.17874503859413327,0.17874503859413327,0.247364,0.024796121719681954,0.038122049313987445,0.028660640722030548
2,2,1902.0,4.657133222100001,125.94396,0.95993065,0.252518,,,,0.09818618567027688,277.01467,721.89411,272.95961,12.311400789449866,340.2141861153903,2.812652071680368,0.048563490557302746,278.5687865883322,839.7294473910329,273.31466214366435,0.02993086037873927,0.06703917094060557,0.001216154350932046,0.09818618567027688,0.15433181432972315,0.15433181432972315,0.252518,0.02773733306356648,0.038916348574042636,0.030979247561604566
3,3,1903.0,4.9312723865,127.04642,0.97764708,0.257672,,,,0.12592741394312304,277.01467,721.89411,272.95961,16.25680425377537,434.88494574385516,3.7657346615912433,0.06207716144141533,279.0668303996283,872.5192643862064,273.4349735110191,0.03948740597142328,0.08481193513285754,0.001628072838842235,0.12592741394312304,0.13174458605687697,0.13174458605687697,0.257672,0.02964304576012779,0.03971064783409782,0.0325626503615791
4,4,1904.0,5.0363161541,128.14887,0.99722904,0.262826,,,,0.15176872784986464,277.01467,721.89411,272.95961,20.160077151693304,521.6490414495782,4.7300753992291,0.07446220449511287,279.55955590367006,902.5705582715358,273.55670603868174,0.048925134638958444,0.10079882986436227,0.002044763346543942,0.15176872784986464,0.11105727215013536,0.11105727215013536,0.262826,0.031126250180225527,0.04050494709415301,0.0338460722852645
5,5,1905.0,5.258431784,129.25133,1.0181293,0.26798,,,,0.1762961589959368,277.01467,721.89411,272.95961,24.16972168077254,601.2589017861696,5.706894260787363,0.085826024284253,280.06570911746985,930.1439374404854,273.6800137290499,0.0586027550091306,0.11522665437922447,0.0024667496075817495,0.1762961589959368,0.09168384100406318,0.09168384100406318,0.26798,0.03239561783857305,0.041299246354208195,0.03497767010810725
6,6,1906.0,5.5179691561,130.35378,1.0397413,0.273134,,,,0.199789253440797,277.01467,721.89411,272.95961,28.32259652329777,674.3953322633344,6.696794007713562,0.09626580162401376,280.58994285759525,955.4752031917894,273.8049726710739,0.06860765308571093,0.12828731206659433,0.002894288288491742,0.199789253440797,0.07334474655920298,0.07334474655920298,0.273134,0.033537739633531474,0.04209354561426338,0.036018923367943725
7,7,1907.0,5.827089219099999,131.45624,1.0614586,0.278288,,,,0.22251568314320508,277.01467,721.89411,272.95961,32.66274459455135,741.6743711806586,7.699765697196716,0.10586947220716135,281.1378168346274,978.7777242908903,273.93158173586767,0.07904376437268554,0.14014454710438107,0.00332737166613848,0.22251568314320508,0.0557723168567949,0.0557723168567949,0.278288,0.03459592986336742,0.04288784487431856,0.03700058521654325
8,8,1908.0,5.7303848659,132.5587,1.0826746,0.283442,,,,0.24361748633424896,277.01467,721.89411,272.95961,36.77480875789167,803.6534230425509,8.7151938645285,0.11471660211145256,281.6568988820586,1000.2445613170376,274.0597632308981,0.08891269051461871,0.15093906564834936,0.0037657301712809062,0.24361748633424896,0.03982451366575107,0.03982451366575107,0.283442,0.03559508677215886,0.04368214413437376,0.03794033340720118
9,9,1909.0,5.8807274802,133.66115,1.1027829,0.288596,,,,0.2639186932160022,277.01467,721.89411,272.95961,40.951176820655725,860.8368383015826,9.741862020203898,0.12287918427380969,282.18409826386124,1020.0503992427205,274.1893635939059,0.0989173461848123,0.16079251195535782,0.004208835075832104,0.2639186932160022,0.02467730678399782,0.02467730678399782,0.288596,0.03655089628078412,0.044476443394428945,0.038849304943741114
10,10,1910.0,6.0224027656,134.76361,1.121177,0.29375,,,,0.28348207827101524,277.01467,721.89411,272.95961,45.17453236816034,913.6809921190427,10.777957799012558,0.13042236345227126,282.71722906083977,1038.3533064945423,274.32015404289587,0.10901557209679082,0.1698106051380683,0.004655901036156109,0.28348207827101524,0.010267921728984775,0.010267921728984775,0.29375,0.037473857136504314,0.045270742654484136,0.03973495393671846
11,11,1911.0,5.9266611268,135.96943,1.1389722,0.302692,,,,0.30184455082116984,277.01467,721.89411,272.95961,49.20500896933341,962.7021798175285,11.822799964160192,0.13741983764076884,283.22601198911025,1055.3321052263536,274.45204858266555,0.11863487382924774,0.178103045658262,0.005106631333660148,0.30184455082116984,0.000847449178830173,0.000847449178830173,0.302692,0.03837130409839017,0.046648822589178254,0.04077178446071872
12,12,1912.0,5.970533738099999,137.17525,1.1575596,0.311634,,,,0.31948902316609185,277.01467,721.89411,272.95961,53.21116336144892,1008.2642047236826,12.877104328480861,0.14392353753513823,283.7317246291814,1071.1128010237194,274.585137573087,0.1281790185411723,0.18574867266270717,0.005561331962212396,0.31948902316609185,-0.007855023166091823,-0.007855023166091823,0.311634,0.03954113366549283,0.04802690252387237,0.0420020066344229
13,13,1913.0,6.1141457192,138.38107,1.1767464,0.320576,,,,0.3367167559569729,277.01467,721.89411,272.95961,57.29034997226143,1050.696249700257,13.941387653208059,0.14998045197211599,284.2466564137269,1085.8094084553397,274.71948624696506,0.13787968988375496,0.19281684329837356,0.006020222774844355,0.3367167559569729,-0.016140755956972896,-0.016140755956972896,0.320576,0.0407898631861489,0.04940498245856649,0.04328824777515
14,14,1914.0,5.7427848417,139.5869,1.1962611,0.329518,,,,0.3523373308066609,277.01467,721.89411,272.95961,60.91520008256724,1090.2961817188466,15.015890686405548,0.15563309963685007,284.7042355132126,1099.52509563274,274.8551249948756,0.1464851732208932,0.19936875317215774,0.0064834044136100315,0.3523373308066609,-0.02281933080666093,-0.02281933080666093,0.329518,0.04206504710585175,0.0507830623932606,0.04459327153920032
15,15,1915.0,5.6655611421,140.79272,1.2158443,0.33846,,,,0.3672470870631985,277.01467,721.89411,272.95961,64.43907533709854,1127.3335019609463,16.10059267354734,0.16091995017175095,285.149068159143,1112.3532059964487,274.99205119689304,0.1548376917507656,0.20545853060444813,0.006950864707984746,0.3672470870631985,-0.02878708706319849,-0.02878708706319849,0.33846,0.043350763627878826,0.05216114232795472,0.045905773450900834
16,16,1916.0,5.9054574449,141.99854,1.2353217,0.347402,,,,0.3822305330423421,277.01467,721.89411,272.95961,68.17298905404209,1162.0520751797792,17.195298741368525,0.16587581377616847,285.6204147870487,1124.3782036477485,275.13024025339803,0.16367385103354085,0.21113416554795533,0.007422516460845928,0.3822305330423421,-0.034828533042342125,-0.034828533042342125,0.347402,0.044641363361262835,0.05353922226264884,0.04722174244266478
17,17,1917.0,6.1149403843,143.20436,1.254519,0.356344,,,,0.39716080644651997,277.01467,721.89411,272.95961,72.046226331194,1194.672559329,18.299641418543235,0.17053218802100395,286.109348776439,1135.6765148659601,275.2696457770385,0.1728243191309621,0.2164382891153225,0.00789819820023535,0.39716080644651997,-0.04081680644651997,-0.04081680644651997,0.356344,0.04593448092661849,0.054917302197342956,0.048539499095128585
18,18,1918.0,6.0566166342,144.41019,1.2732618,0.365286,,,,0.41140809181805027,277.01467,721.89411,272.95961,75.77620675929423,1225.3946239816644,19.41308204308168,0.17491757451442433,286.5801988898097,1146.3172964718983,275.41019977039076,0.18162157650853597,0.22140884042588818,0.008377674883626111,0.41140809181805027,-0.04612209181805027,-0.04612209181805027,0.365286,0.047228985863987334,0.056295382132037074,0.04985824078172176
19,19,1919.0,5.5991514278,145.61601,1.2913759,0.374228,,,,0.4241303090239602,277.01467,721.89411,272.95961,78.99009794061688,1254.3989176387145,20.534912457435546,0.17905775972309676,286.98590102585484,1156.3631172176206,275.5518128399398,0.1891900391151752,0.2260796311816589,0.008860638727126086,0.4241303090239602,-0.0499023090239602,-0.0499023090239602,0.374228,0.048524292402778973,0.05767346206673119,0.05117755160532511
20,20,1920.0,6.0675499679,146.82183,1.3086869,0.38317,,,,0.4376866286605247,277.01467,721.89411,272.95961,82.67693122578993,1281.848907823317,21.664256288799134,0.18297607763437812,287.45130450551517,1165.8705951147538,275.69437435769635,0.19785907773943637,0.23048084106438327,0.00934670985670508,0.4376866286605247,-0.0545166286605247,-0.0545166286605247,0.38317,0.04982008638832496,0.05905154200142531,0.052497208516124064
21,21,1921.0,5.7267289219999995,147.86155,1.3257924,0.392923,,,,0.44997925681331863,277.01467,721.89411,272.95961,85.94448462056057,1307.7264060670648,22.800842418228832,0.18666993195584544,287.86378063401764,1174.833430472106,275.8378500992488,0.20553051804266625,0.23461296959118827,0.009835769179464104,0.44997925681331863,-0.05705625681331861,-0.05705625681331861,0.392923,0.051116200190745954,0.060554607714137426,0.05385333837252948
22,22,1922.0,5.8460930663,148.90128,1.343275,0.402676,,,,0.46226252070724855,277.01467,721.89411,272.95961,89.31476079796815,1332.1810647631678,23.944984694616963,0.19016068464970137,288.28922386376433,1183.3034563435742,275.98227968297823,0.21343161957324067,0.23850295181607595,0.010327949317931937,0.46226252070724855,-0.05958652070724857,-0.05958652070724857,0.402676,0.052475193917532324,0.062057673426849536,0.05525411297523432
23,23,1923.0,6.3244676206,149.941,1.3609385,0.412429,,,,0.4753372075297322,277.01467,721.89411,272.95961,93.12025530971815,1355.3482749967002,25.096798025834975,0.19346766196379162,288.76960641719285,1191.327566288688,276.1276776141578,0.22233902075891784,0.24217488957752162,0.010823297193292726,0.4753372075297322,-0.0629082075297322,-0.0629082075297322,0.412429,0.053854765614003215,0.06356073913956166,0.05666949793641517
24,24,1924.0,6.311888328599999,150.98072,1.3796194,0.422182,,,,0.48794170069182163,277.01467,721.89411,272.95961,96.8133210200122,1377.3505536875055,26.257232816198535,0.19660835243775554,289.2357966404116,1198.948194818338,276.2741638660656,0.23096910698943954,0.245650374873881,0.011322218828501089,0.48794170069182163,-0.06575970069182163,-0.06575970069182163,0.422182,0.05524303982515295,0.06506380485227377,0.05809106168301799
25,25,1925.0,6.3604349418,152.02045,1.3998974,0.431935,,,,0.5003171629382634,277.01467,721.89411,272.95961,100.48825659472382,1398.2987687290022,27.42781086960192,0.19959858178408577,289.69969822524223,1206.203741729358,276.4219305419983,0.23954302941100294,0.24894876816751532,0.011825365359745254,0.5003171629382634,-0.06838216293826344,-0.06838216293826344,0.431935,0.05663612124044239,0.06656687056498589,0.05951603854456001
26,26,1926.0,6.4022535642,153.06017,1.4211909,0.441688,,,,0.5124841688803329,277.01467,721.89411,272.95961,104.14616359917243,1418.2932175396118,28.60945909916056,0.2024526668447339,290.1614502266117,1213.1289456676404,276.57109464984734,0.24806359933051247,0.2520874379555633,0.012333131594257083,0.5124841688803329,-0.07079616888033285,-0.07079616888033285,0.441688,0.058032427956881946,0.068069936277698,0.0609433053699186
27,27,1927.0,6.8232009861,154.09989,1.4429184,0.451441,,,,0.5253506780782792,277.01467,721.89411,272.95961,108.17091971479707,1437.4246629764557,29.80251482273053,0.20518356346144523,290.6695110354714,1219.7552429234051,276.72169877057365,0.25742303848550485,0.2550819809691099,0.012845658623664331,0.5253506780782792,-0.0739096780782792,-0.0739096780782792,0.451441,0.05943116388992031,0.06957300199041011,0.06237229693906235
28,28,1928.0,6.843344074699999,155.13962,1.4644982,0.461194,,,,0.5378925888352224,277.01467,721.89411,272.95961,112.11686653996242,1455.7752406688255,31.006730712179195,0.2078029959920516,291.16762343734536,1226.1110816918904,276.87371168297346,0.26658334071848927,0.257946411823517,0.013362836293216076,0.5378925888352224,-0.0766985888352224,-0.0766985888352224,0.461194,0.06083185835192665,0.07107606770312222,0.06380267906377336
29,29,1929.0,7.2270594567,156.17934,1.4853488,0.470947,,,,0.5510289263081409,277.01467,721.89411,272.95961,116.37521170355753,1473.4192500074578,32.2212800994312,0.21032157021934442,291.7051711113078,1232.2221960374957,277.0270290334812,0.27645129440557453,0.2606933260730484,0.013884305829517983,0.5510289263081409,-0.08008192630814093,-0.08008192630814093,0.470947,0.062234202958669584,0.07257913341583434,0.06523423279124736
30,30,1930.0,7.1523886825,157.21906,1.5048887,0.4807,,,,0.5636316259081068,277.01467,721.89411,272.95961,120.45486021846482,1490.4239298612283,33.44476203617357,0.21274888407987952,292.2201612038255,1238.1118745681727,277.1814739748761,0.2858881095490523,0.26333405399207177,0.01440946236698274,0.5636316259081068,-0.08293162590810677,-0.08293162590810677,0.4807,0.06363798217334728,0.07408219912854647,0.06666680509035504
31,31,1931.0,6.7650607727,158.34545,1.5226236,0.4891,,,,0.5750979312161688,277.01467,721.89411,272.95961,124.08372630016416,1506.9367904746418,34.67529350937175,0.21510599375725678,292.67824725519,1243.8312083910507,277.33680880701,0.2942682345090213,0.2658922018360101,0.014937494871137345,0.5750979312161688,-0.08599793121616883,-0.08599793121616883,0.4891,0.06504303851411514,0.0753767497270066,0.06803981476585366
32,32,1932.0,6.0893592732,159.47183,1.5385172,0.4975,,,,0.5849102292564733,277.01467,721.89411,272.95961,127.03201952986994,1523.0046246364707,35.910971651414755,0.21739957863537118,293.05042191621476,1249.3964044847849,277.4927933234132,0.30106706410110984,0.26837558045735277,0.015467584698010666,0.5849102292564733,-0.08741022925647329,-0.08741022925647329,0.4975,0.06634474144516309,0.07667130032546673,0.06933944352045114
33,33,1933.0,6.2448297216,160.59821,1.5526746,0.5059,,,,0.5951467341160879,277.01467,721.89411,272.95961,130.19724487425057,1538.66978221289,37.1500153135167,0.21963568389813953,293.4499807720784,1254.8221309936582,277.64920268266263,0.3083565397767464,0.27079122801642086,0.015998966322920628,0.5951467341160879,-0.08924673411608786,-0.08924673411608786,0.5059,0.06761350880584513,0.07796585092392688,0.07061568802008883
34,34,1934.0,6.4953955585,161.7246,1.5653127,0.5143,,,,0.6058736537443513,277.01467,721.89411,272.95961,133.6066182457409,1553.9705929474635,38.39087580267694,0.2218197808816071,293.8803593945494,1260.1216636670351,277.80584138714397,0.3161971905481094,0.2731454884538224,0.016530974742419536,0.6058736537443513,-0.09157365374435134,-0.09157365374435134,0.5143,0.06886906221085497,0.07926040152238702,0.07188255061119926
35,35,1935.0,6.6856968025,162.85098,1.5771213,0.5227,,,,0.6168588596870118,277.01467,721.89411,272.95961,137.15770061238598,1568.9417190263919,39.63270775151155,0.22395681740047724,294.32862650134894,1265.3070079725658,277.9626027228044,0.32435153549408136,0.27544407706406887,0.017063247128861547,0.6168588596870118,-0.09415885968701176,-0.09415885968701176,0.5227,0.07011784960934325,0.08055495212084718,0.07314460933767938
36,36,1936.0,7.0878707431,163.97736,1.5889151,0.5311,,,,0.6285626369518968,277.01467,721.89411,272.95961,141.04980487581346,1583.6145340927408,40.875487875710746,0.22605127185006935,294.8199421446911,1270.389030370165,278.1194837503737,0.3332747152864669,0.2776921483866377,0.017595773278792193,0.6285626369518968,-0.09746263695189683,-0.09746263695189683,0.5311,0.07136248374836321,0.08184950271930731,0.074403719249937
37,37,1937.0,7.2985254034,165.10375,1.6015088,0.5395,,,,0.6404722631054809,277.01467,721.89411,272.95961,145.05821792020092,1598.0174361926943,42.12000779431982,0.2281071978774794,295.3259399033302,1275.377566702928,278.2765843990406,0.34244901863905763,0.2798943524335013,0.018128892032921874,0.6404722631054809,-0.10097226310548091,-0.10097226310548091,0.5395,0.07260428099281387,0.08314405331776745,0.0756608149670504
38,38,1938.0,7.0606477474,166.23013,1.615717,0.5479,,,,0.6515818602555259,277.01467,721.89411,272.95961,148.74078386528512,1612.176100941041,43.3678668127248,0.2301282605194035,295.7908046998517,1280.2815098825995,278.4341065554198,0.3508636920408836,0.2820548805297166,0.01866328768492577,0.6515818602555259,-0.10368186025552584,-0.10368186025552584,0.5479,0.07384402332474753,0.0844386039162276,0.07691645169627676
39,39,1939.0,7.2351985992,167.35651,1.6323545,0.5563,,,,0.6629714880930377,277.01467,721.89411,272.95961,152.567603742789,1626.1137705947722,44.6214650686682,0.23211777746561985,296.2738792381516,1285.1089100120435,278.5923531983474,0.3595939859547818,0.28417751558998144,0.019199986548274463,0.6629714880930377,-0.10667148809303773,-0.10667148809303773,0.5563,0.07508222653949807,0.08573315451468774,0.07817099565230308
40,40,1940.0,7.581604797899999,168.4829,1.6522358,0.5647,,,,0.6749819368569511,277.01467,721.89411,272.95961,156.68702550437152,1639.8514856176928,45.88399623812471,0.2340787521134205,296.79389006417375,1289.867054589115,278.75172747811416,0.3689759108415272,0.2862656726827215,0.019740353332702423,0.6749819368569511,-0.11028193685695109,-0.11028193685695109,0.5647,0.07631925365096938,0.08702770511314788,0.07942470457500114
41,41,1941.0,7.649618008599999,170.03046,1.7002044,0.562869,,,,0.6869823679002866,277.01467,721.89411,272.95961,160.78809829856007,1653.8294442087454,47.183469604880536,0.2360740200585874,297.31158462780684,1294.7084090470855,278.91576511687754,0.3782997320632941,0.2883862682291585,0.02029636760783396,0.6869823679002866,-0.1241133679002866,-0.1241133679002866,0.562869,0.07755537138792125,0.08674552390531685,0.08022051561796598
42,42,1942.0,7.747552399,171.57803,1.7938613,0.561038,,,,0.6990979472839836,277.01467,721.89411,272.95961,164.91895651323867,1668.024794169687,48.56525083171773,0.23810031928983685,297.8330391223256,1299.6250583824076,279.09019280084294,0.38767487265347816,0.29053565733461717,0.020887417295888125,0.6990979472839836,-0.13805994728398352,-0.13805994728398352,0.561038,0.07800049573566464,0.08646334269748586,0.08045472135459279
43,43,1943.0,7.907989752000001,173.12559,1.9231582,0.559207,,,,0.7114913538836188,277.01467,721.89411,272.95961,169.14647533109255,1682.4168379764628,50.06426107728593,0.24015469536242498,298.36669546531,1304.6098338765803,279.279418765342,0.3972524086093811,0.29271054635124094,0.021528398922996732,0.7114913538836188,-0.15228435388361883,-0.15228435388361883,0.559207,0.07818796286958823,0.08618116148965484,0.08050599046940755
44,44,1944.0,7.8956330088,174.67315,2.0866797,0.557376,,,,0.7237687056106622,277.01467,721.89411,272.95961,173.291879363913,1696.986857734846,51.71370111389674,0.24223447641163778,298.8899861357158,1309.6562524684282,279.48763407456596,0.40662729176862933,0.29490796390460094,0.022233449937431878,0.7237687056106622,-0.16639270561066222,-0.16639270561066222,0.557376,0.07826758333882541,0.08589898028182381,0.08048068845229495
45,45,1945.0,7.0799709213,176.22072,2.280402,0.555545,,,,0.7341698501545166,277.01467,721.89411,272.95961,176.57026322184169,1711.7179267937543,53.54245795263608,0.2443372462617417,299.3038294362193,1314.7584515051794,279.7184852496448,0.41402978224341264,0.29712523005190217,0.023014837859201838,0.7341698501545166,-0.17862485015451668,-0.17862485015451668,0.555545,0.07828866783617347,0.0856167990739928,0.08041382589514108
46,46,1946.0,7.6341465364,177.76828,2.4903635,0.553714,,,,0.7460405041307481,277.01467,721.89411,272.95961,180.46107614824177,1726.5947092859262,55.565204717893934,0.24646081581165105,299.7949820690048,1319.9111193121107,279.9738245368343,0.42280184829872164,0.2993599238310193,0.0238787320010072,0.7460405041307481,-0.19232650413074803,-0.19232650413074803,0.553714,0.07827143056193842,0.0853346178661618,0.0803197548801632
47,47,1947.0,8.302200379799999,179.31584,2.7026031,0.551883,,,,0.7593687573770399,277.01467,721.89411,272.95961,184.96293077505857,1741.6033387448263,57.78252528532051,0.24860320570822642,300.363268901141,1325.1094531507433,280.2537256410564,0.43293362756087317,0.30160986290937813,0.02482526690678869,0.7593687573770399,-0.2074857573770399,-0.2074857573770399,0.551883,0.0782262099211258,0.08505243665833077,0.08020581567491525
48,48,1948.0,8.6029587148,180.86341,2.9031595,0.550052,,,,0.7731602045619648,277.01467,721.89411,272.95961,189.63957975534905,1756.7312782726744,60.181037131247955,0.25076262638612523,300.9536207126347,1330.349110787155,280.5564992336651,0.4434385152857758,0.3038730806150416,0.025848608661147306,0.7731602045619648,-0.22310820456196478,-0.22310820456196478,0.550052,0.07815924702665986,0.08477025545049977,0.08007643946957343
49,49,1949.0,8.4451339247,182.41097,3.0780722,0.548221,,,,0.7863951746841945,277.01467,721.89411,272.95961,194.0427781036212,1771.9671640152578,62.733514109198104,0.2529374557247854,301.5094537743469,1335.6261562784905,280.8787084510084,0.45331034926141184,0.30614780067133623,0.02693702475144642,0.7863951746841945,-0.23817417468419455,-0.23817417468419455,0.548221,0.07807472582152472,0.08448807424266874,0.07993459686365649
50,50,1950.0,9.2569681655,183.95853,3.2133815,0.54639,,,,0.8013595304758608,277.01467,721.89411,272.95961,199.20205105835026,1787.3007235320674,65.3990081541135,0.25512622739626356,302.16072911009496,1340.9370316999402,281.21518425763253,0.4648541508169222,0.3084324233190997,0.028072956339838858,0.8013595304758608,-0.2549695304758608,-0.2549695304758608,0.54639,0.07797563964349866,0.08420589303483773,0.07978241312698699
51,51,1951.0,10.483428767,189.11003,3.3186021,0.553909,,,,0.8192811029767104,277.01467,721.89411,272.95961,205.43956343501006,1806.3266019345585,68.14644352367587,0.2578420549656362,302.9481148528125,1347.5267651449703,281.5620038402479,0.4787773189976916,0.31126069810022805,0.029243085878790757,0.8192811029767104,-0.26537210297671043,-0.26537210297671043,0.553909,0.0778642252647317,0.08536466993362604,0.08003935421871106
52,52,1952.0,10.663690726,194.26153,3.4111061,0.561428,,,,0.8375342466558827,277.01467,721.89411,272.95961,211.61040823389337,1828.6934286241344,70.96238797769725,0.2610347824328193,303.727084884735,1355.2736571820915,281.9174715942964,0.49251611024162933,0.3145765025354341,0.030441633878819284,0.8375342466558827,-0.2761062466558827,-0.2761062466558827,0.561428,0.07846444221550194,0.08652344683241436,0.08080155355440655
53,53,1953.0,10.810047757,199.41303,3.4887221,0.568947,,,,0.8561595661161361,277.01467,721.89411,272.95961,217.7583806813009,1854.0832703355882,73.83135518738219,0.2646590267721998,304.50316764968835,1364.0675896119383,282.2796326195287,0.5061689827467698,0.3183286226366191,0.03166196073274716,0.8561595661161361,-0.2872125661161361,-0.2872125661161361,0.568947,0.07929038857197947,0.08768222373120266,0.08172402076815419
54,54,1954.0,11.072909672,204.56453,3.5543489,0.576466,,,,0.8754471431107201,277.01467,721.89411,272.95961,224.0378452949636,1882.2084491541214,76.7408928748515,0.2686737237240579,305.29584918843744,1373.8089233673181,282.64691501588675,0.520077987201925,0.32247042343852195,0.03289873247027315,0.8754471431107201,-0.2989811431107201,-0.2989811431107201,0.576466,0.08020636922764775,0.08884100062999098,0.08271041233432729
55,55,1955.0,11.869460785000001,209.71603,3.614111,0.583985,,,,0.8965320129687762,277.01467,721.89411,272.95961,230.98468561820505,1912.8086633380833,79.68478201505046,0.2730417168096552,306.17277619028573,1384.407501291938,283.0185337313553,0.5354232150079123,0.32695952234471903,0.034149275616144815,0.8965320129687762,-0.3125470129687762,-0.3125470129687762,0.583985,0.08116831535684907,0.08999977752877929,0.08372943938670883
56,56,1956.0,12.561266061,214.86753,3.6706801,0.591504,,,,0.9189849943589645,277.01467,721.89411,272.95961,238.4275513314331,1945.648382131646,82.65952959720677,0.27772938545670806,307.11231842983074,1395.7817458172785,283.39404782943353,0.5518154441948139,0.33175746986024746,0.03541208030390314,0.9189849943589645,-0.3274809943589645,-0.3274809943589645,0.591504,0.08215858107679658,0.0911585544275676,0.08476857334852017
57,57,1957.0,12.998669506,220.01902,3.7267318,0.599023,,,,0.9421561773681287,277.01467,721.89411,272.95961,246.0904430523454,1980.514478493841,85.66434871699772,0.2827063070859585,308.07963541850916,1407.8578390433088,283.773357976091,0.5686399495286352,0.3368294397728615,0.03668678806663207,0.9421561773681287,-0.34313317736812876,-0.34313317736812876,0.599023,0.08316841475434561,0.0923173313263559,0.0858216005602286
58,58,1958.0,13.393964839,225.17052,3.7849451,0.606542,,,,0.9659576044742053,277.01467,721.89411,272.95961,253.94909617708677,2017.214127103202,88.70113834258355,0.2879449570642179,309.07166413985294,1420.5689946990865,284.15670388555424,0.5858394862843951,0.342143938774178,0.03797417941563234,0.9659576044742053,-0.3594156044742053,-0.3594156044742053,0.606542,0.08419270518483461,0.09347610822514422,0.0868848920665244
59,59,1959.0,13.452736219,230.32202,3.8480013,0.614061,,,,0.9896499462617717,277.01467,721.89411,272.95961,261.6779873012558,2055.572842393723,91.7744621573556,0.29342042864602247,310.0473124930263,1433.854778604088,284.54466164954374,0.6027012631230655,0.3476725221740425,0.03927616096466377,0.9896499462617717,-0.37558894626177175,-0.37558894626177175,0.614061,0.08522813744225348,0.09463488512393252,0.0879560942699404
60,60,1960.0,13.833269711,235.47352,3.9185827,0.62158,,,,1.0140108705060025,277.01467,721.89411,272.95961,269.6443062669186,2095.4327432963746,94.89152628746288,0.2991101852761132,311.05293229732115,1447.6605076504484,284.9381409257319,0.6200255862072429,0.35338953229255504,0.040595752006204515,1.0140108705060025,-0.39243087050600245,-0.39243087050600245,0.62158,0.08627241641073587,0.09579366202272084,0.08903357763821151
61,61,1961.0,14.086641006,238.52217,4.0240052,0.642117,,,,1.0384113365214291,277.01467,721.89411,272.95961,277.70183324597076,2134.5481231123,98.0867898238565,0.3046936660827941,312.0700656482076,1461.208367104565,285.34149162082565,0.6374913779633247,0.3589724705471213,0.04194748801098307,1.0384113365214291,-0.3962943365214291,-0.3962943365214291,0.642117,0.08732388210617835,0.09895868412278941,0.09069797469099555
62,62,1962.0,14.443548139,241.57083,4.1836477,0.662654,,,,1.0631211259476574,277.01467,721.89411,272.95961,285.9603695942928,2172.9898423904365,101.41378980664959,0.310180985975261,313.1125732030969,1474.5228999662081,285.7614719261594,0.655333909862504,0.3644332927255074,0.04335392335964604,1.0631211259476574,-0.40046712594765743,-0.40046712594765743,0.662654,0.08938686090152914,0.10212370622285796,0.0930805460447145
63,63,1963.0,15.018721549,244.61948,4.3883117,0.683191,,,,1.08861227128797,277.01467,721.89411,272.95961,294.6277980389169,2210.8219984069297,104.91639720653768,0.3155812944469546,314.2066968170008,1487.6263067327964,286.20361984707233,0.6739960729733886,0.3697827383596316,0.04483345995494978,1.08861227128797,-0.40542127128797,-0.40542127128797,0.683191,0.09178198240131892,0.10528872832292653,0.09569893871858512
64,64,1964.0,15.632687592999998,247.66813,4.6374693,0.703728,,,,1.1149161288729834,277.01467,721.89411,272.95961,303.7099577282984,2248.1025987756266,108.63757194407977,0.32090287172933674,315.353173588616,1500.5386787086543,286.67335838345826,0.6934816145298607,0.37503046399283635,0.04640405035028648,1.1149161288729834,-0.4111881288729834,-0.4111881288729834,0.703728,0.09431804263379964,0.1084537504229951,0.09841739789266632
65,65,1965.0,16.181968786000002,250.71679,4.8968181,0.724265,,,,1.1418497993654748,277.01467,721.89411,272.95961,313.1198334232577,2284.8841409560687,112.58559634641757,0.32615321151310184,316.5410192417453,1513.278198721276,287.17173304607763,0.7135956836316646,0.3801851572527525,0.04806895848105791,1.1418497993654748,-0.41758479936547477,-0.41758479936547477,0.724265,0.0969318352402775,0.11161877252306367,0.10119104705228549
66,66,1966.0,16.877217255999998,253.76544,5.195583,0.744802,,,,1.1697287951481907,277.01467,721.89411,272.95961,322.9983573605407,2321.2141066140007,116.79790530641958,0.33133909151511265,317.7880242074454,1525.861312346218,287.70346938882824,0.7346304611801978,0.3852546340847717,0.049843699883221224,1.1697287951481907,-0.42492679514819076,-0.42492679514819076,0.744802,0.09959726660712324,0.11478379462313222,0.10400135973176584
67,67,1967.0,17.280655218,256.81409,5.457478,0.765339,,,,1.1978655874454065,277.01467,721.89411,272.95961,333.0305626154615,2357.1354689372583,121.23532077674594,0.33646664589463277,319.054428970873,1538.302903619167,288.26362181256104,0.7559081708594377,0.3902459336659624,0.05171148292000658,1.1978655874454065,-0.4325265874454065,-0.4325265874454065,0.765339,0.10230087767609396,0.11794881672320079,0.10683877999975494
68,68,1968.0,17.701154276,259.86274,5.619744,0.785876,,,,1.2263037884476047,277.01467,721.89411,272.95961,343.2560371937261,2392.68711167417,125.79624777422455,0.3415414250684946,320.34523088183573,1550.6164401725443,288.83936558259796,0.7775090569363552,0.3951653974234556,0.053629334087793766,1.2263037884476047,-0.44042778844760466,-0.44042778844760466,0.785876,0.10503447574582929,0.12111383882326936,0.10969749103828691
69,69,1969.0,18.490883593,262.9114,5.784831,0.806413,,,,1.2558345350073352,277.01467,721.89411,272.95961,354.05063706650105,2427.9042282951737,130.4824286024481,0.34656845268896985,321.707875719218,1562.8141114876605,289.4309206367805,0.8002179598313031,0.4000187422957571,0.05559783288027517,1.2558345350073352,-0.44942153500733517,-0.44942153500733517,0.806413,0.10779252715221015,0.12427886092333792,0.1125735639458372
70,70,1970.0,19.352324343,265.96005,5.9368752,0.82695,,,,1.2864994394332627,277.01467,721.89411,272.95961,365.4416221469774,2462.8186431691943,135.2797265484812,0.35155227148973284,323.14580460917693,1574.9069401361853,290.0365024421825,0.8240774260834272,0.4048111206586693,0.05761089269116631,1.2864994394332627,-0.45954943943326276,-0.45954943943326276,0.82695,0.11057104608532371,0.12744388302340648,0.1154641687973677
71,71,1971.0,19.457941071,270.02505,5.6049759,0.859085,,,,1.3165822505244198,277.01467,721.89411,272.95961,376.64047729626157,2498.4755121760386,139.7032276633421,0.35664207106890045,324.55948018155743,1587.256922474383,290.59489840204776,0.8474311843417628,0.4096858583893923,0.059465207793264585,1.3165822505244198,-0.4574972505244198,-0.4574972505244198,0.859085,0.11336703581972604,0.13239630962834895,0.11888552522422668
72,72,1972.0,19.987047906999997,274.09004,5.9181309,0.89122,,,,1.347383944468952,277.01467,721.89411,272.95961,388.14609895892454,2534.8041714634383,144.4012508273345,0.3618277645945216,326.01188009857924,1599.83958362962,291.18794836089455,0.8713189634226546,0.41463235990053326,0.061432621145764144,1.347383944468952,-0.4561639444689519,-0.4561639444689519,0.89122,0.11707405070453998,0.13734873623329139,0.12295370950787789
73,73,1973.0,20.801921862,278.15504,6.0449043,0.923355,,,,1.3793604160990878,277.01467,721.89411,272.95961,400.2263218944765,2571.7407017337573,149.1850168832836,0.36710022797849645,327.5368141963287,1612.6327847484613,291.7918219825398,0.8962854649242474,0.41964109949667805,0.06343385167816232,1.3793604160990878,-0.45600541609908773,-0.45600541609908773,0.923355,0.12108582347389445,0.14230116283823385,0.12723827188955286
74,74,1974.0,20.855645156999998,282.22003,5.9406002,0.95549,,,,1.41073572852758,277.01467,721.89411,272.95961,412.0747503951035,2609.22724641476,153.82269948975198,0.3724512025496281,329.03248797004517,1625.616486840801,292.3772549152657,0.9206602521842896,0.4247035132343594,0.06537196310893092,1.41073572852758,-0.45524572852757994,-0.45524572852757994,0.95549,0.1252311690407357,0.14725358944317632,0.13161767095744348
75,75,1975.0,20.722976492,286.28503,6.1409693,0.987625,,,,1.4414024042048241,277.01467,721.89411,272.95961,423.57629942582935,2647.211474715008,158.6202476765814,0.3778732184080728,330.48437378270467,1638.7725648056967,292.9828683095485,0.9442156822159805,0.429811911436647,0.06737481055219674,1.4414024042048241,-0.45377740420482415,-0.45377740420482415,0.987625,0.1294530657854152,0.15220601604811876,0.13605142136159926
76,76,1976.0,21.923140258999997,290.35002,6.3042588,1.01976,,,,1.4741756309346679,277.01467,721.89411,272.95961,436.12113657431934,2685.646015776292,163.53918564674336,0.3833595136540651,332.06795796161475,1652.0846114464853,293.60380521406034,0.9697900892003689,0.43495938836248865,0.06942615337181032,1.4741756309346679,-0.45441563093466786,-0.45441563093466786,1.01976,0.13372765774169143,0.15715844265306123,0.14052258536598866
77,77,1977.0,22.471363758000003,294.41502,6.534405,1.051895,,,,1.5074501524567758,277.01467,721.89411,272.95961,448.92009450110817,2724.488026673582,168.645309934226,0.3889039727225575,333.6836208067748,1665.5377878448262,294.24837138430985,0.9957571720177048,0.44013975103020975,0.0715532294088613,1.5074501524567758,-0.4555551524567758,-0.4555551524567758,1.051895,0.13804242678790607,0.1621108692580037,0.14502227510423438
78,78,1978.0,22.7370079,298.48002,6.6193729,1.08403,,,,1.5406118010991057,277.01467,721.89411,272.95961,461.7045536470703,2763.698731525211,173.79180743446796,0.39450106059402335,335.29745341375326,1679.1186637285991,294.8980340241445,1.0215696248023323,0.4453474452763446,0.07369473102042874,1.5406118010991057,-0.4565818010991056,-0.4565818010991056,1.08403,0.14238961328261832,0.16706329586294616,0.1495449812309134
79,79,1979.0,23.677785609,302.54501,7.007773,1.116165,,,,1.5752158375562155,277.01467,721.89411,272.95961,475.189366178042,2803.2430344625286,179.28175774524192,0.40014576754824877,336.99969438562476,1692.8150834214912,295.5910520643341,1.0486618374965362,0.45057749285344734,0.075976507206232,1.5752158375562155,-0.45905083755621545,-0.45905083755621545,1.116165,0.14676388167894602,0.17201572246788863,0.1540869155077394
80,80,1980.0,23.330959231999998,306.61001,7.0613923,1.1483,,,,1.6083977632074884,277.01467,721.89411,272.95961,488.020706071167,2843.0891994303624,184.77738049783292,0.40583356345780486,338.61944493387455,1706.6160549398596,296.28478615918516,1.0743144027699392,0.4558254384522365,0.07825792198531274,1.6083977632074884,-0.4600977632074883,-0.4600977632074883,1.1483,0.15116132156090814,0.1769681490728311,0.1586453015393658
81,81,1981.0,22.801203906999998,310.01251,6.8417522,1.185141,,,,1.6398626149882587,277.01467,721.89411,272.95961,500.14267575930313,2882.546000458493,190.00536675158074,0.4114657800506221,340.1496488885485,1720.2821677924953,296.94473544517416,1.0984363172789378,0.46100058183983283,0.08042571586948814,1.6398626149882587,-0.4547216149882587,-0.4547216149882587,1.185141,0.1555789426788581,0.1826458322392442,0.16342834065137007
82,82,1982.0,23.184878185,313.415,7.1189858,1.221982,,,,1.671817044192273,277.01467,721.89411,272.95961,512.5538102145991,2921.6504804247443,195.46492762823385,0.41704770497054733,341.71635525014506,1733.8262520146664,297.6339173074596,1.1230214813255135,0.4661086399372386,0.0826869229295208,1.671817044192273,-0.44983504419227316,-0.44983504419227316,1.221982,0.1603778982162016,0.18832351540565728,0.16848212720114375
83,83,1983.0,23.251358767,316.8175,7.2168971,1.258823,,,,1.7034247561239095,277.01467,721.89411,272.95961,524.868145161375,2960.4361771110466,200.97471835491456,0.4225841255304605,343.2708422287075,1747.259923629484,298.3294398814555,1.1473037442428276,0.4711547717437391,0.08496624013734275,1.7034247561239095,-0.4446017561239095,-0.4446017561239095,1.258823,0.16531103409059517,0.1940011985720704,0.173631181790223
84,84,1984.0,24.038805711,320.22,7.0481314,1.295664,,,,1.7360141417261958,277.01467,721.89411,272.95961,537.8161509674325,2998.933426757407,206.26762324577706,0.42807937204275337,344.9053199744291,1760.5936897857464,298.9975841025748,1.1727172149863214,0.47614363132947035,0.08715329541040415,1.7360141417261958,-0.4403501417261959,-0.4403501417261959,1.295664,0.1703079291902887,0.1996788817384835,0.1788255054292652
85,85,1985.0,24.659995783,323.6225,7.0169243,1.332505,,,,1.769143808855905,277.01467,721.89411,272.95961,551.1479609640944,3037.1696787289043,211.48309508816783,0.43353736273610677,346.5882468340648,1773.837057744841,299.65595364515235,1.1987584593536496,0.4810794204517308,0.08930592905052459,1.769143808855905,-0.436638808855905,-0.436638808855905,1.332505,0.17534463441219772,0.20535656490489662,0.1840480942550804
86,86,1986.0,25.312732440999998,327.025,7.0704917,1.369346,,,,1.8028656600284498,277.01467,721.89411,272.95961,564.8751768526083,3075.1697702381666,216.7065846489352,0.4389616429704435,348.3210873360358,1786.9986300326152,300.31533529588415,1.225440259252631,0.4859659343629378,0.09145946641288114,1.8028656600284498,-0.4335196600284499,-0.4335196600284499,1.369346,0.18041077493959176,0.2110342480713097,0.18929158214778996
87,87,1987.0,25.862521561999998,330.42749,7.4616728,1.406187,,,,1.8370835320368832,277.01467,721.89411,272.95961,578.879427725579,3112.956164924537,222.2756356047848,0.44435541929264405,350.08889905470716,1800.0861870727822,301.0183385218997,1.2525241013447852,0.4908066015699551,0.09375282912214289,1.8370835320368832,-0.43089653203688316,-0.43089653203688316,1.406187,0.18550066994656955,0.21671193123772284,0.194551935721004
88,88,1988.0,26.720260015999997,333.82999,7.2025077,1.443028,,,,1.8721217905871097,277.01467,721.89411,272.95961,593.4718435694552,3150.5492087294415,227.53688377153387,0.4497215959611873,351.9309571531035,1813.1067758109732,301.68248659011005,1.280600325562153,0.49560452458599646,0.09591694043896011,1.8721217905871097,-0.4290937905871097,-0.4290937905871097,1.443028,0.19061064540737982,0.2223896144041359,0.1998265464164391
89,89,1989.0,27.204402012,337.23249,7.3310397,1.479869,,,,1.907340002085917,277.01467,721.89411,272.95961,608.2397339443476,3187.9673014219834,232.88071446598596,0.4550627994303756,353.79516609234616,1826.066769123713,302.3570593758976,1.3088649474719234,0.5003625088100955,0.0981125458038982,1.907340002085917,-0.42747100208591693,-0.42747100208591693,1.479869,0.19573807349572425,0.22806729757054905,0.20511354847742347
90,90,1990.0,27.390983711,340.63499,7.5856812,1.51671,,,,1.9422708353962619,277.01467,721.89411,272.95961,622.9105925387539,3225.2270918017325,238.43251594796223,0.46038140621433854,355.64712632795,1838.9719334281422,303.0578851329196,1.336796774689366,0.5050830935506738,0.10039096715622192,1.9422708353962619,-0.4255608353962619,-0.4255608353962619,1.51671,0.2008809568311025,0.23374498073696212,0.2104115237638018
91,91,1991.0,27.950646233,336.59218,7.4023631,1.537388,,,,1.9765937796929398,277.01467,721.89411,272.95961,637.9035533752384,3254.8983343255068,243.75251229030297,0.4646167942873049,357.53974679760137,1849.2487561365706,303.72944921461067,1.3651919784251356,0.5088300524052476,0.10257174886255656,1.9765937796929398,-0.43920577969293984,-0.43920577969293984,1.537388,0.20603771536515883,0.23693173279350485,0.21499698041937917
92,92,1992.0,27.237016567999998,332.54937,7.7989323,1.558066,,,,2.008198383831066,277.01467,721.89411,272.95961,651.9201452054124,3277.703174800637,249.42261527911938,0.4678720455386416,359.3091163638835,1857.1473570215562,304.4452086365623,1.3916024169140935,0.5117026132466219,0.10489335367035107,2.008198383831066,-0.45013238383106624,-0.45013238383106624,1.558066,0.20995856355652956,0.24011848485004755,0.2187049407316498
93,93,1993.0,27.239109202,328.50656,7.3131034,1.578744,,,,2.0384516508315063,277.01467,721.89411,272.95961,665.8226155550735,3294.2950377748757,254.55736913396314,0.47024043231897467,361.06407992641493,1862.894053812301,305.09338882980677,1.417669665619785,0.5137886133690834,0.10699337184263796,2.0384516508315063,-0.45970765083150633,-0.45970765083150633,1.578744,0.2134847509557919,0.24330523690659028,0.22213269188152343
94,94,1994.0,27.640955852,324.46375,7.5072841,1.599422,,,,2.068430932747369,277.01467,721.89411,272.95961,679.9949528535805,3305.2651662288927,259.8414589632729,0.4718063509412171,362.85310985629286,1866.6936272585524,305.7604202910037,1.4441128272004973,0.5151660033048095,0.10915210224206202,2.068430932747369,-0.469008932747369,-0.469008932747369,1.599422,0.2168518465213211,0.24649198896313299,0.22544748782944657
95,95,1995.0,28.064528168,320.42094,7.6191035,1.6201,,,,2.0981057926259186,277.01467,721.89411,272.95961,694.4051494643917,3311.148538934747,265.1912192310566,0.47264616634723566,364.6721657035512,1868.7313706451741,306.43574159017606,1.4708664518239791,0.5159041136692877,0.11133522713265172,2.0981057926259186,-0.47800579262591847,-0.47800579262591847,1.6201,0.22013681517370984,0.24967874101967572,0.22870397366903994
96,96,1996.0,28.483246174999998,316.37814,7.6520638,1.640778,,,,2.127441807985084,277.01467,721.89411,272.95961,709.0214677141411,3312.429234703257,270.52721730002844,0.4728289778212984,366.5172410967383,1869.1749477331869,307.1093256328143,1.4978667727075279,0.516064730924655,0.11351030435290095,2.127441807985084,-0.4866638079850838,-0.4866638079850838,1.640778,0.22337078608101626,0.2528654930762184,0.2319242511096249
97,97,1997.0,28.762302699,312.33533,7.9097526,1.661456,,,,2.156302941820635,277.01467,721.89411,272.95961,723.6920897969957,3309.5452461557243,276.0743018632972,0.47241730612649246,368.3691714765579,1868.176060040082,307.80955595461853,1.524831071777059,0.515703010501229,0.11576885954234654,2.156302941820635,-0.49484694182063493,-0.49484694182063493,1.661456,0.22656939183010036,0.25605224513276115,0.235119419287872
98,98,1998.0,28.636434176999998,308.29252,7.8957263,1.682134,,,,2.1839085928109396,277.01467,721.89411,272.95961,738.0232696031849,3302.8928954047296,281.55891428246395,0.4714677238160991,370.1782527215008,1865.871976238823,308.50190017173674,1.5510409093607593,0.5148682677664802,0.1179994156837002,2.1839085928109396,-0.5017745928109396,-0.5017745928109396,1.682134,0.2297418779722493,0.2592389971893039,0.23829604254519515
99,99,1999.0,28.449066364,304.24971,7.5269849,1.702812,,,,2.2101594268813827,277.01467,721.89411,272.95961,752.0094082138826,3292.8307895273306,286.6268850622908,0.470031419853166,371.9437780580023,1862.3869021610315,309.14165007451476,1.576496502857315,0.5136046554111374,0.1200582686129305,2.2101594268813827,-0.5073474268813827,-0.5073474268813827,1.702812,0.23289431118434845,0.26242574924584655,0.24145842822218289
100,100,2000.0,28.933546,300.13794,11.71767,,1.54279,0.48518,0.14452,1.72349,368.865,1751.0225,315.85,766.3585338515663,3279.61444962522,295.84127947115684,0.4681448683093669,373.7551246759028,1857.809339158084,310.30481935534306,1.6024874850882131,0.5119430763626576,0.12379606451093975,2.2382266259618104,-0.4490000000000003,,1.7892266259618101,0.23603093670626132,0.2757433808832955,0.24754754551760122
101,101,2001.0,29.87504779999993,301.928656,11.78916999999998,,1.572190000000006,0.485364,0.1468979999999993,1.75954999999999,370.8544999999999,1751.565,316.5679999999998,781.4647847153964,3269.4465267523087,305.04669933345093,0.46669345961867087,375.66204619169844,1854.287614693928,311.4668557438273,1.629714115393674,0.5106633118303419,0.12752312499747326,2.2679005522214895,-0.44490200000001523,,1.8229985522214742,0.24423263309381035,0.2809480793774145,0.2548801125160556
102,102,2002.0,30.816549599999828,303.719372,11.86067,,1.601590000000009,0.485548,0.1492759999999995,1.795609999999996,372.8440000000001,1752.1075,317.2859999999998,797.2420267802061,3262.036925673195,314.24322302899174,0.4656357844636529,377.653669568306,1851.721252447075,312.62776913416036,1.6580029448118294,0.5097299281741222,0.13123954244246144,2.298972415428413,-0.4408040000000124,,1.8581684154284006,0.2500095848484835,0.2863682183610202,0.2605535885671192
103,103,2003.0,31.75805139999973,305.510088,11.93216999999999,,1.630990000000004,0.485732,0.1516539999999997,1.831670000000003,374.8334999999997,1752.65,318.0039999999999,813.6468378905673,3257.1231573640935,323.4309282530627,0.4649343741444517,379.7245134561044,1850.0193376822158,313.7875693341239,1.6872592467678715,0.5091105754126614,0.13494540807646135,2.331315230256994,-0.4367060000000005,,1.8946092302569935,0.25525323329947686,0.2919842277234881,0.26590522168244013
104,104,2004.0,32.69955319999963,307.300804,12.00367,,1.660390000000007,0.485916,0.1540319999999999,1.867729999999995,376.8229999999999,1753.1925,318.7219999999998,830.6544692153574,3254.4677119344583,332.6098920223905,0.46455532557942913,381.87145371271146,1849.099607344991,314.94626606584245,1.7174226438813596,0.5087757492205284,0.13864081200852285,2.364839205110411,-0.4326080000000121,,1.9322312051103987,0.2604443257091856,0.29778226939750335,0.27127232937879775
105,105,2005.0,33.641054999999994,309.09152,12.07517,,1.68979,0.4861,0.15641,1.90379,378.8125,1753.735,319.44,848.2484861202618,3253.8556815481725,341.78019068107056,0.46446796199172985,384.092415729539,1848.8876267456956,316.10386896653165,1.7484480761866021,0.5086985658847935,0.14232584324370817,2.399472485315104,-0.42850999999999995,,1.970962485315104,0.2657124000848039,0.3037512696318044,0.27674367225343405
106,106,2006.0,34.16322259999984,313.2388719999999,12.123508,,1.719743999999999,0.487806,0.1585940000000008,1.94883200000001,380.9070420000007,1757.61356,320.1433080000002,865.9972987543455,3257.4492455536856,350.91873790644155,0.4649809212355562,386.3329182206501,1850.1322803912738,317.2574637587974,1.779565230804753,0.509151686087297,0.14599130804024824,2.434708224932298,-0.4173119999999899,,2.017396224932308,0.2710947872020506,0.3109073202758751,0.2826404217934597
107,107,2007.0,34.685390199999944,317.3862239999999,12.171846,,1.749697999999995,0.4895119999999999,0.1607780000000005,1.993874000000005,383.0015840000005,1761.49212,320.846616,883.9429939668936,3264.8481887299818,360.0258110018282,0.46603707504024877,388.5982739747146,1852.6949512060066,318.4070854477301,1.8108446216204466,0.5100841400211271,0.14963742535636326,2.470566186997937,-0.40611399999999054,,2.064452186997946,0.277116367039247,0.31815926359173097,0.28901880703946736
108,108,2008.0,35.20755779999983,321.5335759999998,12.220184,,1.779651999999999,0.4912179999999999,0.1629620000000003,2.038916,385.0961260000004,1765.37068,321.5499240000001,902.1029653322443,3275.690381369816,369.10168484870644,0.4675847316088859,390.890678651095,1856.4502132730036,319.55276873270043,1.842312419426699,0.5114493299918659,0.15326441101937782,2.5070261604379427,-0.39491599999999893,,2.1121101604379438,0.2834038521416522,0.3255039847867484,0.2956128906087301
109,109,2009.0,35.72972539999994,325.6809279999998,12.268522,,1.809606000000002,0.4929239999999999,0.1651460000000009,2.08395800000001,387.1906680000002,1769.24924,322.2532320000003,920.48398955625,3289.648154963891,378.14663192785645,0.4695771182694084,393.21098770004926,1861.2845765294717,320.6945480100301,1.8739758890494935,0.5132047222516105,0.1568724777832956,2.5440530890843993,-0.38371799999999245,,2.160335089084407,0.28985167877650303,0.33293608124388846,0.3023461554920448
110,110,2010.0,36.251893,329.82828,12.31686,,1.83956,0.49463,0.16733,2.129,389.28521,1773.1278,322.95654,939.0882850113003,3306.425022784286,387.16092234032897,0.4719719133579958,395.55948115545715,1867.0953509200215,321.832457375638,1.9058342752608033,0.5153115483096583,0.16046183538500902,2.5816076589554706,-0.3725200000000002,,2.2090876589554704,0.2964228995748136,0.34044949416091885,0.30919061200478415
111,111,2011.0,36.39227050000001,322.148611999999,12.24226400000001,,1.870997000000003,0.4925800000000002,0.1692740000000006,2.174457000000004,391.5634719999998,1768.866819999999,323.581716,957.5326413287262,3313.9256925456216,396.02188982822844,0.47304258800941784,397.88778486388526,1869.6932553815536,322.9510121848858,1.9372326078960596,0.5162523828805474,0.16398387067223763,2.6174688614488444,-0.35839399999999966,,2.2590748614488447,0.30309983332653834,0.34815318022081715,0.31616530392587916
112,112,2012.0,36.53264800000003,314.4689440000002,12.16766799999999,,1.902434,0.4905300000000006,0.1712180000000005,2.219914000000003,393.8417340000005,1764.60584,324.206892,975.8629926165091,3313.0329112060085,404.73087344784926,0.47291514894330805,400.2016972686144,1869.3840349120285,324.05038147212116,1.9682553599304953,0.5161404336301239,0.1674394690170284,2.6518352625776473,-0.34426799999999824,,2.307567262577649,0.30992882987658404,0.355626497709158,0.3231811535480305
113,113,2013.0,36.67302549999999,306.7892759999995,12.09307200000001,,1.933870999999996,0.48848,0.1731620000000005,2.265371000000002,396.1199960000004,1760.344859999999,324.832068,994.101757706988,3304.545421243803,413.28920056074605,0.47170361175451214,402.5040483871075,1866.4443390259778,325.13073279541845,1.9989455906378466,0.5150756777333456,0.17082949843988962,2.684850766811082,-0.3301419999999946,,2.3547087668110875,0.3167121066382597,0.36289162419936144,0.3301041667309792
114,114,2014.0,36.813403,299.1096079999988,12.01847599999999,,1.965308,0.4864300000000004,0.1751060000000004,2.310828000000015,398.3982580000002,1756.08388,325.4572440000001,1012.261127108561,3289.1859547407944,421.69818693586967,0.46951114201948735,404.79637707523057,1861.1244905558308,326.1922322494723,2.029328310763435,0.5131466315374464,0.1741548100824575,2.716629752383339,-0.3160159999999861,,2.400613752383353,0.32339654025301495,0.36996618688327576,0.3369017377757906
115,115,2015.0,36.953780500000036,291.42994,11.94388000000001,,1.996744999999997,0.4843800000000007,0.1770500000000004,2.356285000000014,400.67652,1751.822899999999,326.0824200000001,1030.3487838834992,3267.6084667278024,429.95913685081325,0.4664310878120653,407.07965319618006,1853.6509909669585,327.2350444783778,2.0594204898576405,0.510431834503679,0.1774162386631857,2.7472685630245053,-0.3018899999999842,,2.445378563024521,0.329967783333785,0.37686503359821377,0.34356798591046933
116,116,2016.0,37.094158,283.7502719999993,11.86928399999999,,2.028182000000001,0.4823300000000001,0.1789940000000003,2.401742000000013,402.9547819999998,1747.56192,326.7075960000001,1048.3703686230394,3240.4046801864247,438.07334319217114,0.4625479139623515,409.35458878399356,1844.2287872604684,328.25933268829954,2.089235351283533,0.5070011025148979,0.18061460291680353,2.7768510567152345,-0.2877639999999886,,2.489087056715246,0.3364231641752183,0.38360108796310893,0.35010476207370655
117,117,2017.0,37.2345355,276.0706040000005,11.79468800000001,,2.059618999999998,0.4802800000000005,0.1809380000000003,2.447199000000012,405.2330440000005,1743.300939999999,327.3327720000001,1066.3305433450623,3208.1100082115245,446.0420875550241,0.4579380474091309,411.62177234354095,1833.043323151678,329.2652586600298,2.118784223704563,0.5029165932570443,0.18375070601826254,2.8054515229798698,-0.2736379999999867,,2.531813522979883,0.3427641389846833,0.39018579897179617,0.356516420380946
118,118,2018.0,37.374913000000035,268.3909359999998,11.72009199999999,,2.091056000000002,0.4782299999999999,0.1828820000000002,2.492656000000011,407.5113060000003,1739.03996,327.9579479999999,1084.2334525002243,3171.208912605437,453.8666403415542,0.4526706421063656,413.8817270451444,1820.2623950531438,330.25298276143735,2.1480773469165535,0.49823371714601417,0.18682533599184142,2.833136400054409,-0.2595119999999911,,2.5736244000544177,0.34899386554782436,0.39662940563119886,0.36280817217200295
119,119,2019.0,37.5152905,260.7112679999991,11.64549600000001,,2.122492999999999,0.4761800000000003,0.1848260000000006,2.53811300000001,409.7895680000001,1734.778979999999,328.5831239999999,1102.0829245575744,3130.139752534525,461.5482608587991,0.44680827113920274,416.13493617152346,1806.0378314375605,331.222663959807,2.1771242298821236,0.4930019202963473,0.18983926610604754,2.8599654162845183,-0.2453859999999901,,2.614579416284528,0.3551162580431027,0.40294111286579815,0.36898546594168435
120,120,2020.0,37.655668,253.0316,11.5709,,2.15393,0.47413,0.18677,2.58357,412.06783,1730.518,329.2083,1119.882561960056,3085.299171775058,469.08819741555135,0.44040755297644474,418.38185447323286,1790.507012388147,332.17445983407197,2.205933816693475,0.48726536070191173,0.19279325525493096,2.8859924326503177,-0.23126000000000024,,2.6547324326503174,0.36113554313024154,0.40912922136178775,0.37505370981738995
121,121,2021.0,36.8061731,251.066609,11.561739,,2.177990999999999,0.4691320000000001,0.1883460000000001,2.611377000000005,413.9393620000001,1717.487739999997,329.7171979999998,1136.6467263682814,3042.7607454574277,476.55312241841307,0.4343354532548356,420.4980609424981,1775.7735591055095,333.116786704589,2.2329263061283955,0.4817995580077812,0.19571362911165452,2.910439493247831,-0.2240919999999944,,2.6863474932478364,0.36705602216626554,0.4140015184590344,0.38067021609116847
122,122,2022.0,35.9566782,249.1016180000001,11.552578,,2.202052000000002,0.4641340000000014,0.1899220000000001,2.639184,415.8108940000002,1704.457479999997,330.2260959999999,1152.5032664908176,3002.3053946208706,483.94369098594365,0.42856069979503364,422.4996944251077,1761.7615922045131,334.0497272695528,2.258332682809061,0.47657967533532775,0.19860078796434716,2.933513146108736,-0.21692400000000323,,2.7165891461087326,0.37228061740586127,0.41866215534111734,0.3857312634070855
123,123,2023.0,35.107183299999996,247.1366270000003,11.543417,,2.226112999999998,0.4591360000000009,0.1914980000000002,2.666991000000003,417.6824260000003,1691.427219999998,330.7349939999999,1167.5190866243693,2963.734888424181,491.2605525151788,0.42305499635902927,424.39520051381874,1748.4024531782286,334.9733635049078,2.282281285094535,0.47158301912734013,0.20145512597359172,2.9553194301954666,-0.20975599999999606,,2.7455634301954706,0.377167817222223,0.4231274740083127,0.390496117690189
124,124,2024.0,34.25768839999999,245.171636,11.534256,,2.250174000000001,0.4541380000000004,0.1930740000000002,2.694797999999999,419.553958,1678.396959999998,331.243892,1181.7342717246227,2926.8698601848296,498.5043507316012,0.41779273945187756,426.1896392903914,1735.6340172405198,335.8877766706558,2.3048546046456146,0.466788867504551,0.20427703129860778,2.9759205034487737,-0.2025880000000022,,2.7733325034487715,0.3818238480763704,0.427407053817687,0.3950429777413522
125,125,2025.0,33.40819349999998,243.2066450000002,11.525095,,2.274234999999997,0.4491399999999999,0.1946500000000002,2.722605000000001,421.4254900000001,1665.366699999999,331.75279,1195.1768045365661,2891.548012216911,505.67572373867233,0.41275076207332434,427.88654312688607,1723.4000715603042,336.79304731710874,2.326113709296592,0.46217831002853205,0.20706688622002437,2.995358905545148,-0.19541999999999593,,2.7999389055451522,0.38628655165738657,0.4315074506934895,0.3994006123778564
126,126,2026.0,32.55869859999998,241.2416539999999,11.51593400000001,,2.298296000000001,0.4441420000000011,0.1962260000000002,2.750412000000004,423.2970220000002,1652.336439999999,332.2616879999998,1207.8689289065396,2857.6224915013613,512.7753040669334,0.40790810185467513,429.4887199515943,1711.6497526646444,337.6892552910871,2.346108818460199,0.45773409852266955,0.209825067259359,3.013667984242227,-0.18825199999999853,,2.8254159842422286,0.3905730458078858,0.4354338039642414,0.403582665673229
127,127,2027.0,31.709203699999975,239.2766630000001,11.506773,,2.322356999999997,0.4391440000000006,0.1978020000000003,2.778219,425.1685540000003,1639.30618,332.7705859999999,1219.8299164485975,2824.9604199315772,519.8037187226766,0.403245791260364,430.9986024962253,1700.3370373800144,338.57647974206327,2.364883946677465,0.453440508532068,0.2125519452953103,3.0308764005048436,-0.18108399999999802,,2.8497924005048456,0.3946930969356813,0.4391905306619896,0.4075973527163107
128,128,2028.0,30.859708799999968,237.3116720000003,11.497612,,2.346418,0.4341460000000001,0.1993780000000003,2.806026000000003,427.040086,1626.275919999996,333.2794839999999,1231.0772838774083,2793.4415644246687,526.7615892361925,0.39874666775447937,432.41840196463033,1689.4202822169123,339.4547991282527,2.3824789997359352,0.4492832109519441,0.21524788567697276,3.0470100963648523,-0.17391599999999752,,2.873094096364855,0.3986533490571308,0.44278162879540756,0.41145055018123106
129,129,2029.0,30.01021389999996,235.346681,11.488451,,2.370479000000003,0.4291480000000014,0.2009540000000003,2.833832999999998,428.9116180000001,1613.245659999997,333.788382,1241.627342142284,2762.957133588349,533.6495317095928,0.3943952020323477,433.75017735215283,1678.8618065878184,340.3242912226505,2.398930771615023,0.44524915331943804,0.21791324833406778,3.062093173268529,-0.16674800000000678,,2.895345173268522,0.40245887981904027,0.44621081271469626,0.4151469403587805
130,130,2030.0,29.160719,233.38169,11.47929,,2.39454,0.42415,0.20253,2.86164,430.78315,1600.2154,334.29728,1251.4954566344215,2733.408688900118,540.4681568642196,0.390177342598016,434.995868292613,1668.6275156872118,341.1850331190158,2.4142734626865274,0.4413264502430185,0.22054838788430114,3.076148300813847,-0.15958000000000006,,2.916568300813847,0.406113868818528,0.4494815761033863,0.4186905039311369
131,131,2031.0,28.088381699999935,232.4454520000002,11.459207,,2.406369999999999,0.4212680000000004,0.2039010000000001,2.875344000000002,431.727075,1592.903620000001,334.743386,1260.473486209283,2705.73591250144,547.2071480876386,0.38622722331969905,436.1292003099401,1659.0428743742866,342.0357225107474,2.4281941496972927,0.43764148474221193,0.22314944083127566,3.0889850752707804,-0.15619499999999764,,2.9327900752707827,0.409621924729173,0.4519815651309234,0.4219062204456806
132,132,2032.0,27.016044399999917,231.5092140000002,11.439124,,2.418199999999999,0.4183859999999999,0.2052719999999999,2.889048000000003,432.6709999999998,1585.591840000001,335.189492,1268.6032736266677,2679.760310954974,553.8672008682586,0.38251936535285264,437.15545538042716,1650.0460603169072,342.8764471920849,2.4407684394636515,0.43417251594944306,0.2257168039810759,3.10065775939417,-0.15280999999999567,,2.9478477593941745,0.41267768302431296,0.4543021525110854,0.424748779175477
133,133,2033.0,25.943707099999898,230.5729760000002,11.419041,,2.430029999999999,0.4155040000000003,0.2066430000000001,2.902752000000003,433.6149249999999,1578.280060000001,335.635598,1275.9123033300757,2655.320376719739,560.4490046203928,0.379030714485569,438.07810297357616,1641.5811343556868,343.70729419051133,2.452048094830431,0.43089971353019585,0.22825086817278206,3.111198676533409,-0.14942499999999637,,2.961773676533413,0.41547851168857797,0.45644831969759814,0.4273597560111938
134,134,2034.0,24.871369799999883,229.6367380000002,11.398958,,2.441859999999998,0.4126219999999998,0.2080139999999999,2.916456,434.5588499999999,1570.968280000001,336.0817040000001,1282.421422914862,2632.269971729361,566.9532427373064,0.3757404104042664,438.8997747634202,1633.5974806460797,344.5283497734488,2.46207330863248,0.42780500093371576,0.2307520183989467,3.120630327965143,-0.1460399999999975,,2.9745903279651453,0.4180820884418602,0.4584235344334558,0.4297811077794229
135,135,2035.0,23.799032499999864,228.7005000000001,11.378875,,2.453689999999998,0.4097400000000002,0.2093850000000002,2.930160000000001,435.5027749999999,1563.656500000001,336.52781,1288.1481903895774,2610.476864793183,573.3805926438038,0.3726295779166685,439.62268716649976,1626.0493000779934,345.3396994548971,2.470878051589008,0.42487190956514587,0.23322063392288112,3.128970595077035,-0.1426549999999973,,2.9863155950770377,0.42050891929911616,0.46023055247593264,0.43202819292039296
136,136,2036.0,22.726695199999845,227.7642620000001,11.358792,,2.465519999999998,0.4068579999999997,0.2107559999999999,2.943864000000001,436.4467,1556.344720000001,336.973916,1293.1083376895574,2589.8214081820706,579.7317258483524,0.3696811380425294,440.24882608694463,1618.895151902906,346.14142800201375,2.4784924446893357,0.4220854434628234,0.23565708839285315,3.1362349765450124,-0.13926999999999667,,2.9969649765450157,0.4227684826982141,0.46187176237505184,0.43410843380449704
137,137,2037.0,21.654357900000242,226.8280240000001,11.338709,,2.477349999999998,0.4039760000000001,0.2121270000000002,2.957568000000002,437.390625,1549.032940000001,337.420022,1297.3164222722098,2570.195340153717,586.0073079947541,0.3668796370814597,440.78002916991215,1612.0975389809216,346.93361944163627,2.484943849365349,0.41943195401201416,0.23806174995329862,3.142437553330662,-0.13588499999999648,,3.0065525533306654,0.4248663903917196,0.46334933419239055,0.4360264440939141
138,138,2038.0,20.582020600000224,225.8917860000001,11.31862599999999,,2.489179999999998,0.4010939999999996,0.213498,2.971272000000003,438.3345499999998,1541.721160000001,337.866128,1300.7861281202033,2551.500701432745,592.2079989133663,0.3642110919470998,441.21802379840483,1605.6225324967945,347.7163570667483,2.490257401809531,0.41689902419108843,0.2404349813531455,3.147591407353765,-0.1324999999999945,,3.0150914073537707,0.42680659027983664,0.4646652840240304,0.4377856114656528
139,139,2039.0,19.509683300000205,224.9555480000001,11.298543,,2.501009999999997,0.398212,0.2148690000000002,2.984976000000003,439.2784749999998,1534.409380000001,338.312234,1303.5304147481888,2533.6488548013444,598.3344526718705,0.36166285021969535,441.5644459029752,1599.4394323889392,348.489723442888,2.494456303392191,0.41447536182515865,0.2427771400513362,3.1517088052686857,-0.12911499999999387,,3.022593805268692,0.42859216111776216,0.465821502322917,0.439388670067257
140,140,2040.0,18.437345999999998,224.01931,11.27846,,2.51284,0.39533,0.21624,2.99868,440.2224,1527.0976,338.75834,1305.561599740243,2516.5595979882146,604.3873176256056,0.3592234635164193,441.8208503807523,1593.5204600928978,349.25380041450245,2.497562001439012,0.4121507013129614,0.24508857831965275,3.154801281071626,-0.12573000000000034,,3.0290712810716256,0.43022565373590094,0.4668197666297264,0.4408379464751103
141,141,2041.0,17.836530299999843,220.5465320000003,11.13222300000001,,2.516377000000001,0.3921159999999997,0.2171729999999998,2.998578,440.470206,1519.54182,339.0720679999999,1307.3625712076728,2497.623820977269,610.2410824674528,0.3565204973686333,442.0481940990271,1586.9619338352968,349.9927441951896,2.500314194034034,0.409569650131995,0.24732154714794388,3.157205391313973,-0.12708800000000053,,3.0301173913139725,0.43170926142010396,0.46698098599166515,0.4419380615458567
142,142,2042.0,17.23571459999991,217.073754,10.98598600000003,,2.519914000000001,0.3889019999999999,0.2181059999999999,2.998476,440.718012,1511.98604,339.3857959999999,1308.8851791508512,2477.0172433981797,615.8974860519168,0.3535790346768312,442.2403988937932,1579.824715222423,350.70677428739896,2.502639895567086,0.40675460022506366,0.24947696069037534,3.158871456482525,-0.12844600000000028,,3.030425456482525,0.43270370510999295,0.467028462890274,0.44265788486627444
143,143,2043.0,16.634898899999985,213.6009759999997,10.83974899999998,,2.523451000000001,0.385688,0.219039,2.998374,440.965818,1504.430259999999,339.699524,1310.1097114923823,2454.8988629469586,621.358252047097,0.35042177138792935,442.3949764319198,1572.163874112967,351.3961082765403,2.50450956946994,0.40372571487646025,0.2515557148480972,3.159790999194498,-0.12980400000000092,,3.029986999194497,0.4334614501606788,0.4669608908492483,0.44317628796036396
144,144,2044.0,16.03408319999985,210.1281980000003,10.693512,,2.526988000000001,0.3824740000000002,0.2199719999999998,2.998272,441.213624,1496.87448,340.013252,1311.0286724997968,2431.4125466883393,626.6250890673199,0.34706924364393865,442.51098049758855,1564.0292397756787,352.0609618477265,2.5059122535631437,0.400501159142183,0.2535586877435321,3.159972100448859,-0.1311620000000011,,3.0288101004488577,0.4340539738588456,0.46677951525692757,0.4435443808642894
145,145,2045.0,15.43326749999992,206.65542,10.54727500000001,,2.530525000000001,0.3792600000000004,0.2209049999999999,2.99817,441.46143,1489.3187,340.3269799999999,1311.6398023680674,2406.688470925714,631.6996908046096,0.34354003331456895,442.5881258267146,1555.4658995974348,352.70154880236936,2.506844866665835,0.3970973043002327,0.25548674017786216,3.1594289111439298,-0.1325200000000013,,3.0269089111439285,0.434506216236058,0.46648651695306065,0.4437805034439888
146,146,2046.0,14.83245179999999,203.1826419999998,10.40103800000003,,2.534062,0.3760459999999997,0.221838,2.998068,441.709236,1481.762919999999,340.6407079999999,1311.9430737105506,2380.8444240493345,636.5837361590167,0.339850953970835,442.6264089621741,1546.5146503329643,353.3180810746316,2.507307612738763,0.39352890961309894,0.25734071607245,3.1581772384243116,-0.13387799999999972,,3.024299238424312,0.43482991900661583,0.4660843320267553,0.4438936987824563
147,147,2047.0,14.231636099999852,199.7098640000004,10.25480099999999,,2.537599000000001,0.3728319999999998,0.2227709999999998,2.997966,441.957042,1474.20714,340.954436,1311.9393995125422,2353.9869854021113,641.2788893678008,0.3360172191609189,442.62594515369517,1537.2124064124798,353.9107687477342,2.5073020067093617,0.3898092842140316,0.25912144289486916,3.1562327338182623,-0.1352360000000008,,3.0209967338182615,0.4350323519723935,0.46557537258459103,0.4438898279499308
148,148,2048.0,13.630820399999926,196.2370860000001,10.108564,,2.541136000000001,0.369618,0.2237039999999999,2.997864,442.204848,1466.65136,341.268164,1311.6300776205867,2326.2125919614987,645.7868001334925,0.33205259467247916,442.5868982335564,1527.592569393703,354.479820070122,2.506830027513763,0.3859504315289711,0.2608297320702032,3.1536101911129375,-0.13659400000000144,,3.017016191112936,0.43511884314515326,0.46496191854395114,0.4437733350108046
149,149,2049.0,13.030004699999996,192.7643079999998,9.962327000000016,,2.544673,0.3664040000000002,0.224637,2.997762,442.4526540000001,1459.095579999999,341.5818919999999,1311.0165522084917,2297.608503513179,650.1091037508318,0.3279695363052732,442.5094505055028,1517.685362255881,355.02544147148774,2.5058937557807823,0.3819631783116839,0.2624663793782348,3.150323313470701,-0.1379520000000003,,3.012371313470701,0.4350936468356376,0.46424608174257853,0.44354785295865046
150,150,2050.0,12.429189,189.29153,9.81609,,2.54821,0.36319,0.22557,2.99766,442.70046,1451.5398,341.89562,1310.100311660919,2268.25367597633,654.247421232599,0.323779314533,442.3937898541896,1507.5181318815216,355.54783757865624,2.504495219850916,0.3778572900886237,0.2640321653371013,3.1463846752766407,-0.1393099999999996,,3.007074675276641,0.43496031329419765,0.4634298000587753,0.4432164644559252
151,151,2051.0,11.932931600000055,187.0085170000011,9.733040000000017,,2.547502,0.3595380000000006,0.225947,2.989738000000003,442.597688,1442.896379999998,342.025229,1308.987573299842,2239.4093166209973,658.266546434349,0.3196619589659725,442.25332451031863,1497.5277053938062,356.05518757509014,2.502796260833647,0.37380886191999574,0.2655517371465648,3.142156859900208,-0.14324899999999774,,2.99890785990021,0.43472188157924807,0.46217118628102866,0.4426821799427645
152,152,2052.0,11.436674200000041,184.7255040000009,9.649990000000004,,2.546794,0.3558860000000008,0.226324,2.981816000000002,442.494916,1434.252959999998,342.154838,1307.6668480136532,2211.026847977017,662.167520330047,0.31561053546796014,442.08660415810215,1487.6972576783794,356.5476228670311,2.500779041287158,0.3698116376537143,0.267025588092234,3.1376162670331063,-0.14718799999999854,,2.9904282670331077,0.43420874899423145,0.4608643693737899,0.4419388789043034
153,153,2053.0,10.940416800000024,182.4424910000007,9.566939999999988,,2.546086,0.352234000000001,0.226701,2.973894000000001,442.392144,1425.609539999998,342.2844470000001,1306.1330082645643,2183.062315331711,665.9513748022407,0.31161876977304315,441.89298152825927,1478.0115647422108,357.0252737130754,2.498435364797342,0.3658599225267968,0.268454203648402,3.1327494909725404,-0.1511269999999998,,2.9816224909725406,0.43356394120656183,0.45950728334175256,0.4410875104257671
154,154,2054.0,10.44415940000001,180.1594780000005,9.483890000000002,,2.545378,0.3485820000000004,0.227078,2.965972000000001,442.289372,1416.966120000001,342.414056,1304.3836920604695,2155.4759468163493,669.6191327214625,0.30768098469064253,441.67215845722814,1468.4568513467543,357.4882692341971,2.495761190814803,0.3619485327198716,0.26983806163997603,3.1275477851746505,-0.15506599999999926,,2.9724817851746512,0.4328283444776893,0.4580985802273471,0.44015671284509006
155,155,2055.0,9.947901999999996,177.8764650000012,9.400840000000017,,2.54467,0.3449300000000006,0.227455,2.95805,442.1866,1408.322700000001,342.543665,1302.4177539983996,2128.2317553559224,673.1718080249315,0.3037920432862973,441.4239903562826,1459.0206531407323,357.9367374236829,2.4927542716321223,0.3580727492775578,0.2711776323999218,3.122004653309602,-0.1590050000000005,,2.9629996533096015,0.43201593667047605,0.45663725886061163,0.43915612010561533
156,156,2056.0,9.45164460000019,175.593452000001,9.317790000000002,,2.543962,0.3412780000000009,0.227832,2.950127999999999,442.083828,1399.67928,342.673274,1300.2345973141523,2101.297178498392,676.61040579458,0.29994729746949017,441.14840189352833,1449.6916919127154,358.370805156982,2.489413133077138,0.3542282760436216,0.27247337892238216,3.116114788043142,-0.16294400000000175,,2.95317078804314,0.4311327760670365,0.45512250131145904,0.438089796387919
157,157,2057.0,8.95538720000018,173.3104390000008,9.234739999999988,,2.543254,0.3376260000000011,0.228209,2.942206000000002,441.981056,1391.03586,342.802883,1297.8338851269395,2074.642752518733,679.9359223343847,0.29614254147399954,440.845350543177,1440.4597627149947,358.79059820146745,2.485736633592409,0.35041120128320397,0.2737257570116097,3.1098735918872227,-0.16688299999999945,,2.9429905918872232,0.4301821342147795,0.4535535990464491,0.4369598590159637
158,158,2058.0,8.459129800000165,171.0274260000006,9.151690000000002,,2.542546,0.3339740000000004,0.2285860000000001,2.934284000000002,441.878284,1382.39244,342.932492,1295.2154149257992,2048.241817536067,683.149345247036,0.2923739697651766,440.51481074147284,1431.315631729034,359.1962412261148,2.481723772336126,0.34661796268713163,0.27493521542686167,3.103276950450119,-0.17082199999999848,,2.9324549504501207,0.4291660606348938,0.451929917983644,0.4357675792660314
159,159,2059.0,7.962872400000151,168.7444130000013,9.068640000000016,,2.541838,0.3303220000000007,0.228963,2.926362000000001,441.7755119999999,1373.749019999999,343.062101,1292.3790633616418,2022.0702506926168,686.2516535099267,0.28863813895287616,440.15676691757454,1422.2509438503105,359.5878578110943,2.4773736045505665,0.3428453154752335,0.2761021960233889,3.096321116049189,-0.17476099999999928,,2.9215601160491897,0.4280859522425505,0.4502508805558048,0.43451378145339425
160,160,2060.0,7.466615,166.4614,8.98559,,2.54113,0.32667,0.22934,2.91844,441.67274,1365.1056,343.19171,1289.3247613485619,1996.1062247240325,689.2438175504834,0.2849319333288482,439.7712103504964,1413.25813906762,359.96557045728036,2.472685203183262,0.33909030333653256,0.27722713388964754,3.089002640409442,-0.17870000000000008,,2.910302640409442,0.4269428066282054,0.44851595533835414,0.43319901975414854
161,161,2061.0,6.959898099999827,165.9455419999999,8.989204,,2.536512,0.324376,0.229507,2.912038000000001,441.2535280000001,1359.660100000001,343.246915,1286.0422750108694,1972.0971445048006,692.2134633208395,0.28150478423248226,439.3568491778219,1404.9424421227488,360.3404405335706,2.467641950578727,0.335607033137178,0.27834301418676655,3.081591997902671,-0.1783569999999992,,2.903234997902672,0.4257373557549429,0.44742673857206344,0.4320272767719079
162,162,2062.0,6.453181199999934,165.429684,8.992818,,2.531893999999999,0.322082,0.229674,2.905636000000001,440.8343160000001,1354.214599999999,343.30212,1282.5331205181112,1949.8569723498124,695.1607874858535,0.2783301359240921,438.91387479160187,1397.239417685582,360.71249286574437,2.4622451791674536,0.3323708921097169,0.2794499250807124,3.074065996357883,-0.1780139999999979,,2.896051996357885,0.42482204465800577,0.44631974345914155,0.43105637731033514
163,163,2063.0,5.946464299999831,164.913826,8.996432,,2.527276000000001,0.319788,0.229841,2.899234000000002,440.415104,1348.7691,343.357325,1278.7981707307376,1929.217374400418,698.0859849927998,0.2753839597767455,438.44239737644705,1390.0907622583882,361.0817520627635,2.4564951674700315,0.3293594002967483,0.2805479537939514,3.066402521560731,-0.1776709999999988,,2.8887315215607323,0.42397944670014276,0.44519156190799075,0.4301309601104187
164,164,2064.0,5.439747399999941,164.397968,9.000046000000001,,2.522658,0.3174939999999999,0.230008,2.892832,439.995892,1343.3236,343.41253,1274.8380229390577,1910.026035882587,700.989249086367,0.2726445137896928,437.9424923306645,1383.4437206548168,361.44824251866584,2.4503917023911166,0.3265520414703692,0.28163718661720805,3.058580930478694,-0.1773279999999997,,2.8812529304786945,0.4231480943147595,0.44403901255550376,0.42920646060457535
165,165,2065.0,4.9330304999998384,163.88211,9.00366,,2.518039999999999,0.3151999999999999,0.230175,2.886430000000001,439.5766800000001,1337.8781,343.467735,1270.6531575284398,1892.1451366894592,703.8707713235267,0.27009212498710605,437.4142202951905,1377.2505580082639,361.811988414442,2.443934321777858,0.32393010473741946,0.282717708921044,3.0505821354363216,-0.17698499999999795,,2.8735971354363237,0.4223070888267855,0.44285915373957646,0.4282671876514949
166,166,2066.0,4.426313599999949,163.3662519999998,9.007274,,2.513422,0.3129059999999999,0.230342,2.880028000000001,439.1574680000001,1332.4326,343.52294,1266.244006593988,1875.449972031388,706.7307415882759,0.26770899252434155,436.85763581509104,1371.4680820252797,362.17301371989646,2.437122419164261,0.32147653664112263,0.28378960516726603,3.04238856097265,-0.1766419999999984,,2.8657465609726516,0.421447138205728,0.44164927685026667,0.42730575841264423
167,167,2067.0,3.9195966999998455,162.8503939999998,9.010888,,2.508804,0.3106119999999999,0.230509,2.873626000000002,438.7382560000001,1326.9871,343.578145,1261.6109837349375,1859.8277043484934,709.5693481062463,0.2654790095310849,436.2727911006258,1366.0572107025816,362.53134219549173,2.429955289045138,0.31917580347089464,0.28485295892015444,3.033984051436187,-0.17629899999999799,,2.857685051436189,0.420562840425195,0.44040689208896666,0.42631761540768875
168,168,2068.0,3.412879799999955,162.3345359999998,9.014502,,2.504186000000001,0.3083179999999999,0.230676,2.867224,438.3190440000001,1321.5416,343.63335,1256.7544970838069,1845.1762339944364,712.3867774591877,0.2633876019083929,435.6597376719694,1360.9825811812264,362.88699739417655,2.422432146426783,0.31701376341657816,0.2859078528575243,3.0253537627008855,-0.17595600000000067,,2.849397762700885,0.4196504053189664,0.43912971178040716,0.4252994041927842
169,169,2069.0,2.9061628999998543,161.8186779999999,9.018116,,2.499568,0.3060239999999999,0.230843,2.860822000000001,437.8998320000001,1316.096100000001,343.688555,1251.6749550690074,1831.4031773888414,715.1832145993262,0.26142158246620456,435.01852708664796,1356.2121958232342,363.24000266319854,2.4145521351975994,0.31497754814797263,0.2869543687816235,3.0164840521271956,-0.1756129999999989,,2.8408710521271967,0.4187068707777482,0.437815633414209,0.4242484119423218
170,170,2070.0,2.399446,161.30282,9.02173,,2.49495,0.30373,0.23101,2.85442,437.48062,1310.6506,343.74376,1246.3727690052795,1818.4249424113718,717.958842863594,0.25956901894151596,434.3492112665404,1351.7171019684718,363.59038114590044,2.4063143315913913,0.31305545336226703,0.28799258762985996,3.0073623725835184,-0.17526999999999937,,2.832092372583519,0.41772977853575116,0.4364627233121902,0.4231623325209185
171,171,2071.0,2.2024037000000027,160.679605,9.001662999999994,,2.488361999999999,0.3026339999999998,0.231134,2.849791,436.894217,1308.126,343.785522,1241.158013555328,1806.0585347836936,720.6901629877381,0.25780379002231235,433.6909321570007,1347.4339183900297,363.93516643764525,2.398199974351481,0.3112208984771254,0.2890137380860109,2.998434610914617,-0.1723389999999987,,2.8260956109146185,0.4167170145430131,0.43553854338275,0.42217525790653676
172,172,2072.0,2.0053613999999915,160.0563900000002,8.981595999999996,,2.481774,0.3015379999999999,0.231258,2.845161999999998,436.307814,1305.6014,343.827284,1235.9923176018717,1794.2457314354865,723.3775619399443,0.25611758472203866,433.0388460208377,1343.342479158869,364.2744073869505,2.3901498032957678,0.3094656570485099,0.2900179893062031,2.989633449650481,-0.169408000000002,,2.820225449650479,0.4159019615352004,0.4346338742425655,0.4213342162203363
173,173,2073.0,1.8083190999999803,159.4331750000001,8.961528999999999,,2.475185999999999,0.3004419999999999,0.231382,2.840532999999999,435.721411,1303.0768,343.869046,1230.8563006652898,1782.9338499541273,726.0214233087847,0.25450288294908296,432.39050638381303,1339.4245373878248,364.6081524157117,2.3821338567662376,0.3077822578022289,0.2910055084600254,2.980921623028492,-0.16647699999999999,,2.814444623028492,0.4151552044036202,0.43374297274695983,0.4205456572231887
174,174,2074.0,1.6112768000000206,158.80996,8.941461999999994,,2.468597999999998,0.2993459999999999,0.231506,2.835903999999999,435.135008,1300.5522,343.910808,1225.7389094215496,1772.0752213214055,728.6221273327344,0.25295288024316476,431.74451794132017,1335.663582610628,364.93644952292846,2.374135016969586,0.3061639170558246,0.2919764607594232,2.9722753947848335,-0.16354599999999886,,2.8087293947848346,0.414438636795164,0.43286218082515476,0.41978146456386134
175,175,2075.0,1.4142345000000092,158.1867450000002,8.921394999999997,,2.462009999999999,0.2982499999999999,0.23163,2.831275,434.548605,1298.0276,343.95257,1220.6328207538975,1761.6267128259624,731.1800509294306,0.25146141967401536,431.099956267502,1332.0446755396101,365.2593462883979,2.366141906508894,0.30460447687452596,0.2929310094870575,2.9636773928704776,-0.16061499999999862,,2.803062392870479,0.4137386290605885,0.43198882121566623,0.419031184785561
176,176,2076.0,1.2171921999999977,157.5635300000001,8.901328,,2.455421999999999,0.2971539999999999,0.231754,2.826645999999998,433.9622019999999,1295.503,343.994332,1215.5324559036405,1751.5492963766187,733.6955677246726,0.2500229302207465,430.4561171336869,1328.5542985482884,365.5768898763756,2.3581458163797424,0.30309834853070483,0.2938693160241363,2.955113480934583,-0.15768400000000105,,2.797429480934582,0.41304886617312536,0.4311207153207033,0.418289702425923
177,177,2077.0,1.0201498999999863,156.9403150000001,8.881260999999995,,2.448834,0.2960579999999999,0.231878,2.822016999999999,433.3757989999999,1292.9784,344.036094,1210.4331186748184,1741.8076578961216,736.1690480811749,0.24863237101519872,429.8124077205709,1325.1802203824195,365.88912703920505,2.350139372104701,0.3016404608583211,0.2947915398777394,2.9465713728407614,-0.15475300000000125,,2.79181837284076,0.4123656024322992,0.43025596968488405,0.41755380893554883
178,178,2078.0,0.8231076000000271,156.3171000000002,8.861193999999998,,2.442245999999999,0.2949619999999999,0.232002,2.817387999999999,432.7893959999999,1290.4538,344.077856,1205.3306177331103,1732.369843885989,738.6008591270626,0.2472851808912487,429.16829893952263,1321.9113737454936,366.1961041209148,2.342115949464919,0.3002262131167988,0.2956978387076369,2.9380400012893544,-0.15182200000000012,,2.7862180012893543,0.4116861889581743,0.4293928786916136,0.4168211289808717
179,179,2079.0,0.6260653000000155,155.6938850000001,8.841126999999993,,2.435657999999998,0.293866,0.232126,2.812758999999998,432.2029929999999,1287.9292,344.119618,1200.2210975783769,1723.2069416251566,740.9913647841228,0.24597723273511146,428.52330409558147,1318.7377445335121,366.49786706078453,2.334069413732584,0.29885143200216835,0.29658836835262015,2.9295092140873726,-0.14889099999999988,,2.7806182140873728,0.4110085415417301,0.4285298777542833,0.41608972904337055
180,180,2080.0,0.429023,155.07067,8.82106,,2.42907,0.29277,0.23225,2.80813,431.61659,1285.4046,344.16138,1195.1009596482033,1714.2927898017492,743.3409257958054,0.2447047921798086,427.87696892804706,1315.65027161047,366.7944613968802,2.3259939987385483,0.2975123324666214,0.2974632828563578,2.9209696140615278,-0.1459600000000001,,2.7750096140615277,0.4103309141755028,0.4276655186447617,0.4153579494715879
181,181,2081.0,0.2877647000000191,154.4069890000001,8.797063999999999,,2.422675,0.2919959999999999,0.232275,2.803214000000001,431.0554030000001,1283.6923,344.171327,1190.0226007458687,1705.5632506818765,745.6459707549855,0.24345870395680358,427.2359076916697,1312.6267404661528,367.0854362964207,2.3179724185450814,0.29619939226234504,0.29832127232517563,2.912493083132602,-0.14373199999999908,,2.768761083132603,0.4096517876789163,0.426702537757436,0.414596505201687
182,182,2082.0,0.146506399999982,153.7433080000001,8.773068000000002,,2.41628,0.2912219999999999,0.2323,2.798298000000001,430.4942160000001,1281.98,344.181274,1184.975843835378,1697.0007560440074,747.9068884456636,0.24223646031011475,426.5988356991313,1309.661066235802,367.37084083714103,2.30998882261168,0.29491005792694325,0.2991625017838823,2.904061382322505,-0.14150399999999896,,2.7625573823225062,0.4089217330135349,0.42574646578167663,0.413800905516296
183,183,2083.0,0.0052480999999970634,153.0796270000001,8.749071999999998,,2.409884999999999,0.290448,0.232325,2.793382000000001,429.9330290000003,1280.267699999999,344.191221,1179.9541117986973,1688.5894095039312,750.1240642563722,0.24103579212829307,425.9649226949301,1306.7477431060997,367.65072366815275,2.302032971417988,0.29364201458637545,0.29998713433789026,2.8956621203422537,-0.13927599999999796,,2.7563861203422557,0.40817740739885333,0.4247953930567019,0.41299662323962943
184,184,2084.0,-0.13601019999998823,152.4159460000001,8.725076000000001,,2.40349,0.289674,0.23235,2.788466000000001,429.3718420000002,1278.5554,344.201168,1174.9524949502024,1680.3148274184027,752.2978802098246,0.23985464623439418,425.33354891012175,1303.8817892111397,367.92513301368683,2.2940972109750133,0.29239316380343583,0.300795331200735,2.887285705979184,-0.13704799999999917,,2.7502377059791847,0.4074281984154441,0.4238478414503573,0.4121898948955689
185,185,2085.0,-0.27726850000002534,151.7522650000001,8.701079999999997,,2.397095,0.2888999999999999,0.232375,2.78355,428.8106550000002,1276.8431,344.211115,1169.9669132220067,1672.1639949288067,754.4287149923123,0.23869116483709463,424.70419930167475,1301.0586967722384,368.1941166768048,2.28617516038962,0.29116160345235376,0.3015872517210882,2.8789240155630615,-0.13482000000000038,,2.744104015563061,0.406676495125011,0.4229025589980999,0.4113820536482068
186,186,2086.0,-0.4185268000000103,151.0885840000001,8.677084,,2.390700000000001,0.2881260000000001,0.2324,2.778634,428.2494680000002,1275.130799999999,344.221062,1164.9937497542837,1664.1251357040774,756.516943982845,0.23754366693728873,424.0764172991345,1298.2743869825704,368.4577220430767,2.2782611381785856,0.2899456094396529,0.3023630534092806,2.870569801027519,-0.1325920000000016,,2.7379778010275175,0.4059227399370832,0.42195842867747096,0.4105730896717957
187,187,2087.0,-0.5597850999999952,150.4249030000001,8.653087999999997,,2.384304999999999,0.2873520000000001,0.232425,2.773718000000001,427.6882810000002,1273.4185,344.231009,1160.0296876554637,1656.1875940792177,758.562939282034,0.2364106315040862,423.44978419822064,1295.525169185099,368.7159960842276,2.270349907363866,0.2887436191063879,0.30312289196334435,2.862216418433598,-0.13036399999999837,,2.7318524184335997,0.40516676055549516,0.4210144265700003,0.4097625836997017
188,188,2088.0,-0.7010434000000323,149.7612219999999,8.629092,,2.37791,0.286578,0.23245,2.768802000000001,427.1270940000002,1271.7062,344.240956,1155.0716344834639,1648.3417284098275,760.5670697407228,0.2352906822518223,422.8239096277947,1292.8077039352409,368.9689853617515,2.262436558321614,0.2875542161607887,0.30386692129458603,2.853857695776989,-0.12813599999999914,,2.72572169577699,0.4044081584786285,0.42006960148855893,0.40894997695150836
189,189,2089.0,-0.8423017000000176,149.0975409999999,8.605096000000003,,2.371515,0.2858039999999999,0.232475,2.763886000000001,426.5659070000002,1269.993899999999,344.250903,1150.1166847504383,1640.5788145752788,762.5297009883726,0.2341825738657323,422.19842681668797,1290.1189695785808,369.21673603049464,2.254516451346351,0.2863761170032308,0.3045952935526988,2.845487861902281,-0.12590799999999858,,2.7195798619022824,0.4036464414059956,0.4191230640221131,0.40813466196466963
190,190,2090.0,-0.98356,148.43386,8.5811,,2.36512,0.28503,0.2325,2.75897,426.00472,1268.2816,344.26085,1145.1620990500612,1632.8909586647908,764.4511954611942,0.2330851795384178,421.5729899588555,1287.4562320091404,369.4592938422069,2.246585185281398,0.28520815831736823,0.30530815915042925,2.8371015027491953,-0.12367999999999979,,2.7134215027491955,0.4028810776552661,0.4181739797926891,0.4073160192751188
191,191,2091.0,-1.0391971999999952,147.7951840000001,8.553065999999987,,2.359266000000002,0.2843640000000001,0.23242,2.754446999999999,425.493794,1266.81628,344.236395,1140.2909152535458,1625.2960229725122,766.3278744300366,0.23200104900292584,420.95808125167844,1284.8256779455917,369.6961944164251,2.238775948851036,0.28405309068690465,0.30600416944482256,2.828833208982763,-0.12160300000000301,,2.70723020898276,0.40211152258435373,0.41721981990571516,0.40649292880754856
192,192,2092.0,-1.0948344000000014,147.156508,8.525031999999989,,2.353412000000002,0.283698,0.23234,2.749924,424.9828680000001,1265.35096,344.21194,1135.4899699471503,1617.7851649705615,768.160129294182,0.23092892004257945,420.3520390256192,1282.2242447224166,369.92748716102176,2.231068145528343,0.2829096081645403,0.30668348594693795,2.820661239639821,-0.11952600000000135,,2.70113523963982,0.40133635843608423,0.4162805048806557,0.40567016090500996
193,193,2093.0,-1.1504715999999942,146.517832,8.49699799999999,,2.347558000000001,0.283032,0.23226,2.745400999999999,424.4719419999999,1263.88564,344.187485,1130.7514821535704,1610.3503836088419,769.9483480346003,0.22986765055650057,419.75388105728126,1279.6491611252568,370.15322105236186,2.223449711721659,0.2817765272342416,0.3073462683039505,2.8125725072598513,-0.11744900000000236,,2.695123507259849,0.4005651213792115,0.4153540177675279,0.4048539013318233
194,194,2094.0,-1.2061088,145.879156,8.468963999999986,,2.341704000000002,0.2823660000000001,0.23218,2.740877999999999,423.961016,1262.42032,344.16303,1126.0700978769964,1602.9844392378416,771.6929152438044,0.22881620712907996,419.1629314906961,1277.0979196556668,370.3734446390725,2.2159124192109485,0.2806527753515575,0.3079926743255302,2.804557868888036,-0.11537200000000292,,2.6891858688880332,0.39979987923923976,0.4144389495166143,0.4040452096196784
195,195,2095.0,-1.2617460000000063,145.2404799999999,8.440929999999987,,2.335850000000001,0.2817000000000001,0.2321,2.736355,423.45009,1260.955,344.138575,1121.4416124495494,1595.680781151789,773.3942121554395,0.2277736546872004,418.5786595540849,1274.5682514352275,370.5882060457774,2.208449842681123,0.27953738054849075,0.30862286000973216,2.796610083239346,-0.11329500000000126,,2.6833150832393446,0.3990408793126925,0.41353418415054993,0.40324393771567113
196,196,2096.0,-1.317383199999999,144.6018040000001,8.41289599999999,,2.329996000000001,0.281034,0.23202,2.731831999999999,422.9391639999999,1259.48968,344.11412,1116.8624152114442,1588.433482026988,775.0526166736231,0.22673914714173,418.00060945964856,1272.0581034978484,370.7975529768011,2.201056476357212,0.27842946200546786,0.3092369795684379,2.7887229179311173,-0.11121800000000182,,2.6775049179311154,0.39828789577919604,0.412638761177107,0.4024496467445902
197,197,2097.0,-1.3730204000000046,143.9631280000001,8.384861999999991,,2.324142000000002,0.280368,0.23194,2.727309,422.428238,1258.02436,344.089665,1112.3292453293946,1581.2371785991684,776.6685034020188,0.22571191891954648,417.42836957956456,1269.5656182429925,371.0015327198388,2.19372734625985,0.2773282215016165,0.3098351854523271,2.7808907532137934,-0.10914100000000193,,2.6717497532137915,0.39754056178152014,0.4117518145188869,0.4016618250753565
198,198,2098.0,-1.4286575999999978,143.3244520000001,8.356827999999993,,2.318288000000001,0.2797019999999999,0.23186,2.722785999999999,421.917312,1256.55904,344.06521,1107.8390817829966,1574.0870179861372,778.2422436726662,0.2246912773014572,416.8615585585343,1267.0891148441872,371.2001921495956,2.1864578364004994,0.2762329356624928,0.3104176283754164,2.7731084004384083,-0.10706400000000205,,2.6660444004384063,0.39679845934524055,0.41087254453676775,0.4008799440507835
199,199,2099.0,-1.4842948000000038,142.685776,8.328793999999988,,2.312434000000001,0.2790360000000001,0.23178,2.718262999999999,421.4063859999999,1255.09372,344.040755,1103.3890913468408,1566.9786091184994,779.774205574548,0.22367659548920518,416.2998187473606,1264.6270724267456,371.39357773139284,2.1792436074959296,0.2751429489316755,0.31098445733915697,2.7653710137667624,-0.10498700000000216,,2.6603840137667603,0.3960611495051087,0.4100002044232802,0.4001034754313784
200,200,2100.0,-1.5399319999999999,142.0471,8.30076,,2.30658,0.27837,0.2317,2.71374,420.89546,1253.6284,344.0163,1098.7539344684512,1559.9079787923624,781.2647539819183,0.0,415.71470464723313,1262.1781148463433,371.58173552474415,2.1717188327144483,0.27405766719928815,0.31153581965611055,2.7573123195698472,-0.10291000000000006,,2.654402319569847,0.3953281860316777,0.4090783465896589,0.39931573259349223
